{"data":[ { "_id" : { "$oid" : "606f5e09ffa847b759c8885f"} , "執照類別" : "使用執照" , "核發執照字號" : "(72)桃縣建管使字第00907號" , "原領執照字號" : "" , "變更設計次數" : "00" , "基地面積" : "0㎡" , "建築面積" : "0㎡" , "總樓地板面積" : "0㎡" , "建築物高度" : "0ｍ" , "地下避難面積" : "0㎡" , "法定空地面積" : "0㎡" , "建造類別" : "" , "構造別" : "" , "地上層數" : "0層" , "地下層數" : "0層" , "棟數" : "0棟" , "戶數" : "0戶" , "起造人代表人" : "" , "設計人" : "" , "監造人" : "" , "承造人" : "" , "雜項工作物" : "" , "停車空間" : "法定0輛，獎勵0輛，自設0輛" , "發照日期" : "年月日" , "實際開工日期" : "年月日" , "竣工日期" : "年月日" , "qtime" : "" , "樓層概要" : [ ] , "地號" : [ ] , "門牌" : [ ] , "縣市別" : "桃園市"} , { "_id" : { "$oid" : "606f5e09ffa847b759c88860"} , "執照類別" : "使用執照" , "核發執照字號" : "(72)桃縣建管使字第00908號" , "原領執照字號" : "" , "變更設計次數" : "00" , "基地面積" : "0㎡" , "建築面積" : "0㎡" , "總樓地板面積" : "0㎡" , "建築物高度" : "0ｍ" , "地下避難面積" : "0㎡" , "法定空地面積" : "0㎡" , "建造類別" : "" , "構造別" : "" , "地上層數" : "0層" , "地下層數" : "0層" , "棟數" : "0棟" , "戶數" : "0戶" , "起造人代表人" : "" , "設計人" : "" , "監造人" : "" , "承造人" : "" , "雜項工作物" : "" , "停車空間" : "法定0輛，獎勵0輛，自設0輛" , "發照日期" : "年月日" , "實際開工日期" : "年月日" , "竣工日期" : "年月日" , "qtime" : "" , "樓層概要" : [ ] , "地號" : [ ] , "門牌" : [ ] , "縣市別" : "桃園市"} , { "_id" : { "$oid" : "606f5e09ffa847b759c88861"} , "執照類別" : "使用執照" , "核發執照字號" : "(72)桃縣建管使字第00909號" , "原領執照字號" : "" , "變更設計次數" : "00" , "基地面積" : "0㎡" , "建築面積" : "0㎡" , "總樓地板面積" : "0㎡" , "建築物高度" : "0ｍ" , "地下避難面積" : "0㎡" , "法定空地面積" : "0㎡" , "建造類別" : "" , "構造別" : "" , "地上層數" : "0層" , "地下層數" : "0層" , "棟數" : "0棟" , "戶數" : "0戶" , "起造人代表人" : "" , "設計人" : "" , "監造人" : "" , "承造人" : "" , "雜項工作物" : "" , "停車空間" : "法定0輛，獎勵0輛，自設0輛" , "發照日期" : "年月日" , "實際開工日期" : "年月日" , "竣工日期" : "年月日" , "qtime" : "" , "樓層概要" : [ ] , "地號" : [ ] , "門牌" : [ ] , "縣市別" : "桃園市"} , { "_id" : { "$oid" : "606f5e0affa847b759c88862"} , "執照類別" : "使用執照" , "核發執照字號" : "(72)桃縣建管使字第00916號" , "原領執照字號" : "" , "變更設計次數" : "00" , "基地面積" : "0㎡" , "建築面積" : "0㎡" , "總樓地板面積" : "0㎡" , "建築物高度" : "0ｍ" , "地下避難面積" : "0㎡" , "法定空地面積" : "0㎡" , "建造類別" : "" , "構造別" : "" , "地上層數" : "0層" , "地下層數" : "0層" , "棟數" : "0棟" , "戶數" : "0戶" , "起造人代表人" : "" , "設計人" : "" , "監造人" : "" , "承造人" : "" , "雜項工作物" : "" , "停車空間" : "法定0輛，獎勵0輛，自設0輛" , "發照日期" : "年月日" , "實際開工日期" : "年月日" , "竣工日期" : "年月日" , "qtime" : "" , "樓層概要" : [ ] , "地號" : [ ] , "門牌" : [ ] , "縣市別" : "桃園市"} , { "_id" : { "$oid" : "606f5e0affa847b759c88863"} , "執照類別" : "使用執照" , "核發執照字號" : "(72)桃縣建管使字第00917號" , "原領執照字號" : "" , "變更設計次數" : "00" , "基地面積" : "0㎡" , "建築面積" : "0㎡" , "總樓地板面積" : "0㎡" , "建築物高度" : "0ｍ" , "地下避難面積" : "0㎡" , "法定空地面積" : "0㎡" , "建造類別" : "" , "構造別" : "" , "地上層數" : "0層" , "地下層數" : "0層" , "棟數" : "0棟" , "戶數" : "0戶" , "起造人代表人" : "" , "設計人" : "" , "監造人" : "" , "承造人" : "" , "雜項工作物" : "" , "停車空間" : "法定0輛，獎勵0輛，自設0輛" , "發照日期" : "年月日" , "實際開工日期" : "年月日" , "竣工日期" : "年月日" , "qtime" : "" , "樓層概要" : [ ] , "地號" : [ ] , "門牌" : [ ] , "縣市別" : "桃園市"} , { "_id" : { "$oid" : "606f5e0affa847b759c88864"} , "執照類別" : "使用執照" , "核發執照字號" : "(72)桃縣建管使字第00918號" , "原領執照字號" : "" , "變更設計次數" : "00" , "基地面積" : "0㎡" , "建築面積" : "0㎡" , "總樓地板面積" : "0㎡" , "建築物高度" : "0ｍ" , "地下避難面積" : "0㎡" , "法定空地面積" : "0㎡" , "建造類別" : "" , "構造別" : "" , "地上層數" : "0層" , "地下層數" : "0層" , "棟數" : "0棟" , "戶數" : "0戶" , "起造人代表人" : "" , "設計人" : "" , "監造人" : "" , "承造人" : "" , "雜項工作物" : "" , "停車空間" : "法定0輛，獎勵0輛，自設0輛" , "發照日期" : "年月日" , "實際開工日期" : "年月日" , "竣工日期" : "年月日" , "qtime" : "" , "樓層概要" : [ ] , "地號" : [ ] , "門牌" : [ ] , "縣市別" : "桃園市"} , { "_id" : { "$oid" : "606f5e0affa847b759c88865"} , "執照類別" : "使用執照" , "核發執照字號" : "(72)桃縣建管使字第00919號" , "原領執照字號" : "" , "變更設計次數" : "00" , "基地面積" : "0㎡" , "建築面積" : "0㎡" , "總樓地板面積" : "0㎡" , "建築物高度" : "0ｍ" , "地下避難面積" : "0㎡" , "法定空地面積" : "0㎡" , "建造類別" : "" , "構造別" : "" , "地上層數" : "0層" , "地下層數" : "0層" , "棟數" : "0棟" , "戶數" : "0戶" , "起造人代表人" : "" , "設計人" : "" , "監造人" : "" , "承造人" : "" , "雜項工作物" : "" , "停車空間" : "法定0輛，獎勵0輛，自設0輛" , "發照日期" : "年月日" , "實際開工日期" : "年月日" , "竣工日期" : "年月日" , "qtime" : "" , "樓層概要" : [ ] , "地號" : [ ] , "門牌" : [ ] , "縣市別" : "桃園市"} , { "_id" : { "$oid" : "606f5e0affa847b759c88866"} , "執照類別" : "使用執照" , "核發執照字號" : "(72)桃縣建管使字第00920號" , "原領執照字號" : "" , "變更設計次數" : "00" , "基地面積" : "0㎡" , "建築面積" : "0㎡" , "總樓地板面積" : "0㎡" , "建築物高度" : "0ｍ" , "地下避難面積" : "0㎡" , "法定空地面積" : "0㎡" , "建造類別" : "" , "構造別" : "" , "地上層數" : "0層" , "地下層數" : "0層" , "棟數" : "0棟" , "戶數" : "0戶" , "起造人代表人" : "" , "設計人" : "" , "監造人" : "" , "承造人" : "" , "雜項工作物" : "" , "停車空間" : "法定0輛，獎勵0輛，自設0輛" , "發照日期" : "年月日" , "實際開工日期" : "年月日" , "竣工日期" : "年月日" , "qtime" : "" , "樓層概要" : [ ] , "地號" : [ ] , "門牌" : [ ] , "縣市別" : "桃園市"} , { "_id" : { "$oid" : "606f5e0affa847b759c88867"} , "執照類別" : "使用執照" , "核發執照字號" : "(72)桃縣建管使字第00925號" , "原領執照字號" : "" , "變更設計次數" : "00" , "基地面積" : "0㎡" , "建築面積" : "0㎡" , "總樓地板面積" : "0㎡" , "建築物高度" : "0ｍ" , "地下避難面積" : "0㎡" , "法定空地面積" : "0㎡" , "建造類別" : "" , "構造別" : "" , "地上層數" : "0層" , "地下層數" : "0層" , "棟數" : "0棟" , "戶數" : "0戶" , "起造人代表人" : "" , "設計人" : "" , "監造人" : "" , "承造人" : "" , "雜項工作物" : "" , "停車空間" : "法定0輛，獎勵0輛，自設0輛" , "發照日期" : "年月日" , "實際開工日期" : "年月日" , "竣工日期" : "年月日" , "qtime" : "" , "樓層概要" : [ ] , "地號" : [ ] , "門牌" : [ ] , "縣市別" : "桃園市"} , { "_id" : { "$oid" : "606f5e0affa847b759c88868"} , "執照類別" : "使用執照" , "核發執照字號" : "(72)桃縣建管使字第00927號" , "原領執照字號" : "" , "變更設計次數" : "00" , "基地面積" : "0㎡" , "建築面積" : "0㎡" , "總樓地板面積" : "0㎡" , "建築物高度" : "0ｍ" , "地下避難面積" : "0㎡" , "法定空地面積" : "0㎡" , "建造類別" : "" , "構造別" : "" , "地上層數" : "0層" , "地下層數" : "0層" , "棟數" : "0棟" , "戶數" : "0戶" , "起造人代表人" : "" , "設計人" : "" , "監造人" : "" , "承造人" : "" , "雜項工作物" : "" , "停車空間" : "法定0輛，獎勵0輛，自設0輛" , "發照日期" : "年月日" , "實際開工日期" : "年月日" , "竣工日期" : "年月日" , "qtime" : "" , "樓層概要" : [ ] , "地號" : [ ] , "門牌" : [ ] , "縣市別" : "桃園市"} , { "_id" : { "$oid" : "606f5e0affa847b759c88869"} , "執照類別" : "使用執照" , "核發執照字號" : "(72)桃縣建管使字第00930號" , "原領執照字號" : "" , "變更設計次數" : "00" , "基地面積" : "0㎡" , "建築面積" : "0㎡" , "總樓地板面積" : "0㎡" , "建築物高度" : "0ｍ" , "地下避難面積" : "0㎡" , "法定空地面積" : "0㎡" , "建造類別" : "" , "構造別" : "" , "地上層數" : "0層" , "地下層數" : "0層" , "棟數" : "0棟" , "戶數" : "0戶" , "起造人代表人" : "" , "設計人" : "" , "監造人" : "" , "承造人" : "" , "雜項工作物" : "" , "停車空間" : "法定0輛，獎勵0輛，自設0輛" , "發照日期" : "年月日" , "實際開工日期" : "年月日" , "竣工日期" : "年月日" , "qtime" : "" , "樓層概要" : [ ] , "地號" : [ ] , "門牌" : [ ] , "縣市別" : "桃園市"} , { "_id" : { "$oid" : "606f5e0affa847b759c8886a"} , "執照類別" : "使用執照" , "核發執照字號" : "(72)桃縣建管使字第00931號" , "原領執照字號" : "" , "變更設計次數" : "00" , "基地面積" : "0㎡" , "建築面積" : "0㎡" , "總樓地板面積" : "0㎡" , "建築物高度" : "0ｍ" , "地下避難面積" : "0㎡" , "法定空地面積" : "0㎡" , "建造類別" : "" , "構造別" : "" , "地上層數" : "0層" , "地下層數" : "0層" , "棟數" : "0棟" , "戶數" : "0戶" , "起造人代表人" : "" , "設計人" : "" , "監造人" : "" , "承造人" : "" , "雜項工作物" : "" , "停車空間" : "法定0輛，獎勵0輛，自設0輛" , "發照日期" : "年月日" , "實際開工日期" : "年月日" , "竣工日期" : "年月日" , "qtime" : "" , "樓層概要" : [ ] , "地號" : [ ] , "門牌" : [ ] , "縣市別" : "桃園市"} , { "_id" : { "$oid" : "606f5e0affa847b759c8886b"} , "執照類別" : "使用執照" , "核發執照字號" : "(72)桃縣建管使字第00932號" , "原領執照字號" : "" , "變更設計次數" : "00" , "基地面積" : "0㎡" , "建築面積" : "0㎡" , "總樓地板面積" : "0㎡" , "建築物高度" : "0ｍ" , "地下避難面積" : "0㎡" , "法定空地面積" : "0㎡" , "建造類別" : "" , "構造別" : "" , "地上層數" : "0層" , "地下層數" : "0層" , "棟數" : "0棟" , "戶數" : "0戶" , "起造人代表人" : "" , "設計人" : "" , "監造人" : "" , "承造人" : "" , "雜項工作物" : "" , "停車空間" : "法定0輛，獎勵0輛，自設0輛" , "發照日期" : "年月日" , "實際開工日期" : "年月日" , "竣工日期" : "年月日" , "qtime" : "" , "樓層概要" : [ ] , "地號" : [ ] , "門牌" : [ ] , "縣市別" : "桃園市"} , { "_id" : { "$oid" : "606f5e0affa847b759c8886c"} , "執照類別" : "使用執照" , "核發執照字號" : "(72)桃縣建管使字第00933號" , "原領執照字號" : "" , "變更設計次數" : "00" , "基地面積" : "0㎡" , "建築面積" : "0㎡" , "總樓地板面積" : "0㎡" , "建築物高度" : "0ｍ" , "地下避難面積" : "0㎡" , "法定空地面積" : "0㎡" , "建造類別" : "" , "構造別" : "" , "地上層數" : "0層" , "地下層數" : "0層" , "棟數" : "0棟" , "戶數" : "0戶" , "起造人代表人" : "" , "設計人" : "" , "監造人" : "" , "承造人" : "" , "雜項工作物" : "" , "停車空間" : "法定0輛，獎勵0輛，自設0輛" , "發照日期" : "年月日" , "實際開工日期" : "年月日" , "竣工日期" : "年月日" , "qtime" : "" , "樓層概要" : [ ] , "地號" : [ ] , "門牌" : [ ] , "縣市別" : "桃園市"} , { "_id" : { "$oid" : "606f5e0affa847b759c8886d"} , "執照類別" : "使用執照" , "核發執照字號" : "(72)桃縣建管使字第00937號" , "原領執照字號" : "" , "變更設計次數" : "00" , "基地面積" : "0㎡" , "建築面積" : "0㎡" , "總樓地板面積" : "0㎡" , "建築物高度" : "0ｍ" , "地下避難面積" : "0㎡" , "法定空地面積" : "0㎡" , "建造類別" : "" , "構造別" : "" , "地上層數" : "0層" , "地下層數" : "0層" , "棟數" : "0棟" , "戶數" : "0戶" , "起造人代表人" : "" , "設計人" : "" , "監造人" : "" , "承造人" : "" , "雜項工作物" : "" , "停車空間" : "法定0輛，獎勵0輛，自設0輛" , "發照日期" : "年月日" , "實際開工日期" : "年月日" , "竣工日期" : "年月日" , "qtime" : "" , "樓層概要" : [ ] , "地號" : [ ] , "門牌" : [ ] , "縣市別" : "桃園市"} , { "_id" : { "$oid" : "606f5e0affa847b759c8886e"} , "執照類別" : "使用執照" , "核發執照字號" : "(72)桃縣建管使字第00941號" , "原領執照字號" : "" , "變更設計次數" : "00" , "基地面積" : "0㎡" , "建築面積" : "0㎡" , "總樓地板面積" : "0㎡" , "建築物高度" : "0ｍ" , "地下避難面積" : "0㎡" , "法定空地面積" : "0㎡" , "建造類別" : "" , "構造別" : "" , "地上層數" : "0層" , "地下層數" : "0層" , "棟數" : "0棟" , "戶數" : "0戶" , "起造人代表人" : "" , "設計人" : "" , "監造人" : "" , "承造人" : "" , "雜項工作物" : "" , "停車空間" : "法定0輛，獎勵0輛，自設0輛" , "發照日期" : "年月日" , "實際開工日期" : "年月日" , "竣工日期" : "年月日" , "qtime" : "" , "樓層概要" : [ ] , "地號" : [ ] , "門牌" : [ ] , "縣市別" : "桃園市"} , { "_id" : { "$oid" : "606f5e0affa847b759c8886f"} , "執照類別" : "使用執照" , "核發執照字號" : "(72)桃縣建管使字第00942號" , "原領執照字號" : "" , "變更設計次數" : "00" , "基地面積" : "0㎡" , "建築面積" : "0㎡" , "總樓地板面積" : "0㎡" , "建築物高度" : "0ｍ" , "地下避難面積" : "0㎡" , "法定空地面積" : "0㎡" , "建造類別" : "" , "構造別" : "" , "地上層數" : "0層" , "地下層數" : "0層" , "棟數" : "0棟" , "戶數" : "0戶" , "起造人代表人" : "" , "設計人" : "" , "監造人" : "" , "承造人" : "" , "雜項工作物" : "" , "停車空間" : "法定0輛，獎勵0輛，自設0輛" , "發照日期" : "年月日" , "實際開工日期" : "年月日" , "竣工日期" : "年月日" , "qtime" : "" , "樓層概要" : [ ] , "地號" : [ ] , "門牌" : [ ] , "縣市別" : "桃園市"} , { "_id" : { "$oid" : "606f5e0affa847b759c88870"} , "執照類別" : "使用執照" , "核發執照字號" : "(72)桃縣建管使字第00944號" , "原領執照字號" : "" , "變更設計次數" : "00" , "基地面積" : "0㎡" , "建築面積" : "0㎡" , "總樓地板面積" : "0㎡" , "建築物高度" : "0ｍ" , "地下避難面積" : "0㎡" , "法定空地面積" : "0㎡" , "建造類別" : "" , "構造別" : "" , "地上層數" : "0層" , "地下層數" : "0層" , "棟數" : "0棟" , "戶數" : "0戶" , "起造人代表人" : "" , "設計人" : "" , "監造人" : "" , "承造人" : "" , "雜項工作物" : "" , "停車空間" : "法定0輛，獎勵0輛，自設0輛" , "發照日期" : "年月日" , "實際開工日期" : "年月日" , "竣工日期" : "年月日" , "qtime" : "" , "樓層概要" : [ ] , "地號" : [ ] , "門牌" : [ ] , "縣市別" : "桃園市"} , { "_id" : { "$oid" : "606f5e0affa847b759c88871"} , "執照類別" : "使用執照" , "核發執照字號" : "(72)桃縣建管使字第00945號" , "原領執照字號" : "" , "變更設計次數" : "00" , "基地面積" : "0㎡" , "建築面積" : "0㎡" , "總樓地板面積" : "0㎡" , "建築物高度" : "0ｍ" , "地下避難面積" : "0㎡" , "法定空地面積" : "0㎡" , "建造類別" : "" , "構造別" : "" , "地上層數" : "0層" , "地下層數" : "0層" , "棟數" : "0棟" , "戶數" : "0戶" , "起造人代表人" : "" , "設計人" : "" , "監造人" : "" , "承造人" : "" , "雜項工作物" : "" , "停車空間" : "法定0輛，獎勵0輛，自設0輛" , "發照日期" : "年月日" , "實際開工日期" : "年月日" , "竣工日期" : "年月日" , "qtime" : "" , "樓層概要" : [ ] , "地號" : [ ] , "門牌" : [ ] , "縣市別" : "桃園市"} , { "_id" : { "$oid" : "606f5e0affa847b759c88872"} , "執照類別" : "使用執照" , "核發執照字號" : "(72)桃縣建管使字第00946號" , "原領執照字號" : "" , "變更設計次數" : "00" , "基地面積" : "0㎡" , "建築面積" : "0㎡" , "總樓地板面積" : "0㎡" , "建築物高度" : "0ｍ" , "地下避難面積" : "0㎡" , "法定空地面積" : "0㎡" , "建造類別" : "" , "構造別" : "" , "地上層數" : "0層" , "地下層數" : "0層" , "棟數" : "0棟" , "戶數" : "0戶" , "起造人代表人" : "" , "設計人" : "" , "監造人" : "" , "承造人" : "" , "雜項工作物" : "" , "停車空間" : "法定0輛，獎勵0輛，自設0輛" , "發照日期" : "年月日" , "實際開工日期" : "年月日" , "竣工日期" : "年月日" , "qtime" : "" , "樓層概要" : [ ] , "地號" : [ ] , "門牌" : [ ] , "縣市別" : "桃園市"} , { "_id" : { "$oid" : "606f5e0affa847b759c88873"} , "執照類別" : "使用執照" , "核發執照字號" : "(72)桃縣建管使字第00947號" , "原領執照字號" : "" , "變更設計次數" : "00" , "基地面積" : "0㎡" , "建築面積" : "0㎡" , "總樓地板面積" : "0㎡" , "建築物高度" : "0ｍ" , "地下避難面積" : "0㎡" , "法定空地面積" : "0㎡" , "建造類別" : "" , "構造別" : "" , "地上層數" : "0層" , "地下層數" : "0層" , "棟數" : "0棟" , "戶數" : "0戶" , "起造人代表人" : "" , "設計人" : "" , "監造人" : "" , "承造人" : "" , "雜項工作物" : "" , "停車空間" : "法定0輛，獎勵0輛，自設0輛" , "發照日期" : "年月日" , "實際開工日期" : "年月日" , "竣工日期" : "年月日" , "qtime" : "" , "樓層概要" : [ ] , "地號" : [ ] , "門牌" : [ ] , "縣市別" : "桃園市"} , { "_id" : { "$oid" : "606f5e0affa847b759c88874"} , "執照類別" : "使用執照" , "核發執照字號" : "(72)桃縣建管使字第00948號" , "原領執照字號" : "" , "變更設計次數" : "00" , "基地面積" : "0㎡" , "建築面積" : "0㎡" , "總樓地板面積" : "0㎡" , "建築物高度" : "0ｍ" , "地下避難面積" : "0㎡" , "法定空地面積" : "0㎡" , "建造類別" : "" , "構造別" : "" , "地上層數" : "0層" , "地下層數" : "0層" , "棟數" : "0棟" , "戶數" : "0戶" , "起造人代表人" : "" , "設計人" : "" , "監造人" : "" , "承造人" : "" , "雜項工作物" : "" , "停車空間" : "法定0輛，獎勵0輛，自設0輛" , "發照日期" : "年月日" , "實際開工日期" : "年月日" , "竣工日期" : "年月日" , "qtime" : "" , "樓層概要" : [ ] , "地號" : [ ] , "門牌" : [ ] , "縣市別" : "桃園市"} , { "_id" : { "$oid" : "606f5e0affa847b759c88875"} , "執照類別" : "使用執照" , "核發執照字號" : "(72)桃縣建管使字第00949號" , "原領執照字號" : "" , "變更設計次數" : "00" , "基地面積" : "0㎡" , "建築面積" : "0㎡" , "總樓地板面積" : "0㎡" , "建築物高度" : "0ｍ" , "地下避難面積" : "0㎡" , "法定空地面積" : "0㎡" , "建造類別" : "" , "構造別" : "" , "地上層數" : "0層" , "地下層數" : "0層" , "棟數" : "0棟" , "戶數" : "0戶" , "起造人代表人" : "" , "設計人" : "" , "監造人" : "" , "承造人" : "" , "雜項工作物" : "" , "停車空間" : "法定0輛，獎勵0輛，自設0輛" , "發照日期" : "年月日" , "實際開工日期" : "年月日" , "竣工日期" : "年月日" , "qtime" : "" , "樓層概要" : [ ] , "地號" : [ ] , "門牌" : [ ] , "縣市別" : "桃園市"} , { "_id" : { "$oid" : "606f5e0affa847b759c88876"} , "執照類別" : "使用執照" , "核發執照字號" : "(72)桃縣建管使字第00953號" , "原領執照字號" : "" , "變更設計次數" : "00" , "基地面積" : "0㎡" , "建築面積" : "0㎡" , "總樓地板面積" : "0㎡" , "建築物高度" : "0ｍ" , "地下避難面積" : "0㎡" , "法定空地面積" : "0㎡" , "建造類別" : "" , "構造別" : "" , "地上層數" : "0層" , "地下層數" : "0層" , "棟數" : "0棟" , "戶數" : "0戶" , "起造人代表人" : "" , "設計人" : "" , "監造人" : "" , "承造人" : "" , "雜項工作物" : "" , "停車空間" : "法定0輛，獎勵0輛，自設0輛" , "發照日期" : "年月日" , "實際開工日期" : "年月日" , "竣工日期" : "年月日" , "qtime" : "" , "樓層概要" : [ ] , "地號" : [ ] , "門牌" : [ ] , "縣市別" : "桃園市"} , { "_id" : { "$oid" : "606f5e0affa847b759c88877"} , "執照類別" : "使用執照" , "核發執照字號" : "(72)桃縣建管使字第00954號" , "原領執照字號" : "" , "變更設計次數" : "00" , "基地面積" : "0㎡" , "建築面積" : "0㎡" , "總樓地板面積" : "0㎡" , "建築物高度" : "0ｍ" , "地下避難面積" : "0㎡" , "法定空地面積" : "0㎡" , "建造類別" : "" , "構造別" : "" , "地上層數" : "0層" , "地下層數" : "0層" , "棟數" : "0棟" , "戶數" : "0戶" , "起造人代表人" : "" , "設計人" : "" , "監造人" : "" , "承造人" : "" , "雜項工作物" : "" , "停車空間" : "法定0輛，獎勵0輛，自設0輛" , "發照日期" : "年月日" , "實際開工日期" : "年月日" , "竣工日期" : "年月日" , "qtime" : "" , "樓層概要" : [ ] , "地號" : [ ] , "門牌" : [ ] , "縣市別" : "桃園市"} , { "_id" : { "$oid" : "606f5e0affa847b759c88878"} , "執照類別" : "使用執照" , "核發執照字號" : "(72)桃縣建管使字第00955號" , "原領執照字號" : "" , "變更設計次數" : "00" , "基地面積" : "0㎡" , "建築面積" : "0㎡" , "總樓地板面積" : "0㎡" , "建築物高度" : "0ｍ" , "地下避難面積" : "0㎡" , "法定空地面積" : "0㎡" , "建造類別" : "" , "構造別" : "" , "地上層數" : "0層" , "地下層數" : "0層" , "棟數" : "0棟" , "戶數" : "0戶" , "起造人代表人" : "" , "設計人" : "" , "監造人" : "" , "承造人" : "" , "雜項工作物" : "" , "停車空間" : "法定0輛，獎勵0輛，自設0輛" , "發照日期" : "年月日" , "實際開工日期" : "年月日" , "竣工日期" : "年月日" , "qtime" : "" , "樓層概要" : [ ] , "地號" : [ ] , "門牌" : [ ] , "縣市別" : "桃園市"} , { "_id" : { "$oid" : "606f5e0affa847b759c88879"} , "執照類別" : "使用執照" , "核發執照字號" : "(72)桃縣建管使字第00956號" , "原領執照字號" : "" , "變更設計次數" : "00" , "基地面積" : "0㎡" , "建築面積" : "0㎡" , "總樓地板面積" : "0㎡" , "建築物高度" : "0ｍ" , "地下避難面積" : "0㎡" , "法定空地面積" : "0㎡" , "建造類別" : "" , "構造別" : "" , "地上層數" : "0層" , "地下層數" : "0層" , "棟數" : "0棟" , "戶數" : "0戶" , "起造人代表人" : "" , "設計人" : "" , "監造人" : "" , "承造人" : "" , "雜項工作物" : "" , "停車空間" : "法定0輛，獎勵0輛，自設0輛" , "發照日期" : "年月日" , "實際開工日期" : "年月日" , "竣工日期" : "年月日" , "qtime" : "" , "樓層概要" : [ ] , "地號" : [ ] , "門牌" : [ ] , "縣市別" : "桃園市"} , { "_id" : { "$oid" : "606f5e0affa847b759c8887a"} , "執照類別" : "使用執照" , "核發執照字號" : "(72)桃縣建管使字第00957號" , "原領執照字號" : "" , "變更設計次數" : "00" , "基地面積" : "0㎡" , "建築面積" : "0㎡" , "總樓地板面積" : "0㎡" , "建築物高度" : "0ｍ" , "地下避難面積" : "0㎡" , "法定空地面積" : "0㎡" , "建造類別" : "" , "構造別" : "" , "地上層數" : "0層" , "地下層數" : "0層" , "棟數" : "0棟" , "戶數" : "0戶" , "起造人代表人" : "" , "設計人" : "" , "監造人" : "" , "承造人" : "" , "雜項工作物" : "" , "停車空間" : "法定0輛，獎勵0輛，自設0輛" , "發照日期" : "年月日" , "實際開工日期" : "年月日" , "竣工日期" : "年月日" , "qtime" : "" , "樓層概要" : [ ] , "地號" : [ ] , "門牌" : [ ] , "縣市別" : "桃園市"} , { "_id" : { "$oid" : "606f5e0affa847b759c8887b"} , "執照類別" : "使用執照" , "核發執照字號" : "(72)桃縣建管使字第00958號" , "原領執照字號" : "" , "變更設計次數" : "00" , "基地面積" : "0㎡" , "建築面積" : "0㎡" , "總樓地板面積" : "0㎡" , "建築物高度" : "0ｍ" , "地下避難面積" : "0㎡" , "法定空地面積" : "0㎡" , "建造類別" : "" , "構造別" : "" , "地上層數" : "0層" , "地下層數" : "0層" , "棟數" : "0棟" , "戶數" : "0戶" , "起造人代表人" : "" , "設計人" : "" , "監造人" : "" , "承造人" : "" , "雜項工作物" : "" , "停車空間" : "法定0輛，獎勵0輛，自設0輛" , "發照日期" : "年月日" , "實際開工日期" : "年月日" , "竣工日期" : "年月日" , "qtime" : "" , "樓層概要" : [ ] , "地號" : [ ] , "門牌" : [ ] , "縣市別" : "桃園市"} , { "_id" : { "$oid" : "606f5e0affa847b759c8887c"} , "執照類別" : "使用執照" , "核發執照字號" : "(72)桃縣建管使字第00959號" , "原領執照字號" : "" , "變更設計次數" : "00" , "基地面積" : "0㎡" , "建築面積" : "0㎡" , "總樓地板面積" : "0㎡" , "建築物高度" : "0ｍ" , "地下避難面積" : "0㎡" , "法定空地面積" : "0㎡" , "建造類別" : "" , "構造別" : "" , "地上層數" : "0層" , "地下層數" : "0層" , "棟數" : "0棟" , "戶數" : "0戶" , "起造人代表人" : "" , "設計人" : "" , "監造人" : "" , "承造人" : "" , "雜項工作物" : "" , "停車空間" : "法定0輛，獎勵0輛，自設0輛" , "發照日期" : "年月日" , "實際開工日期" : "年月日" , "竣工日期" : "年月日" , "qtime" : "" , "樓層概要" : [ ] , "地號" : [ ] , "門牌" : [ ] , "縣市別" : "桃園市"} , { "_id" : { "$oid" : "606f5e0affa847b759c8887d"} , "執照類別" : "使用執照" , "核發執照字號" : "(72)桃縣建管使字第00960號" , "原領執照字號" : "" , "變更設計次數" : "00" , "基地面積" : "0㎡" , "建築面積" : "0㎡" , "總樓地板面積" : "0㎡" , "建築物高度" : "0ｍ" , "地下避難面積" : "0㎡" , "法定空地面積" : "0㎡" , "建造類別" : "" , "構造別" : "" , "地上層數" : "0層" , "地下層數" : "0層" , "棟數" : "0棟" , "戶數" : "0戶" , "起造人代表人" : "" , "設計人" : "" , "監造人" : "" , "承造人" : "" , "雜項工作物" : "" , "停車空間" : "法定0輛，獎勵0輛，自設0輛" , "發照日期" : "年月日" , "實際開工日期" : "年月日" , "竣工日期" : "年月日" , "qtime" : "" , "樓層概要" : [ ] , "地號" : [ ] , "門牌" : [ ] , "縣市別" : "桃園市"} , { "_id" : { "$oid" : "606f5e0affa847b759c8887e"} , "執照類別" : "使用執照" , "核發執照字號" : "(72)桃縣建管使字第00961號" , "原領執照字號" : "" , "變更設計次數" : "00" , "基地面積" : "0㎡" , "建築面積" : "0㎡" , "總樓地板面積" : "0㎡" , "建築物高度" : "0ｍ" , "地下避難面積" : "0㎡" , "法定空地面積" : "0㎡" , "建造類別" : "" , "構造別" : "" , "地上層數" : "0層" , "地下層數" : "0層" , "棟數" : "0棟" , "戶數" : "0戶" , "起造人代表人" : "" , "設計人" : "" , "監造人" : "" , "承造人" : "" , "雜項工作物" : "" , "停車空間" : "法定0輛，獎勵0輛，自設0輛" , "發照日期" : "年月日" , "實際開工日期" : "年月日" , "竣工日期" : "年月日" , "qtime" : "" , "樓層概要" : [ ] , "地號" : [ ] , "門牌" : [ ] , "縣市別" : "桃園市"} , { "_id" : { "$oid" : "606f5e0affa847b759c8887f"} , "執照類別" : "使用執照" , "核發執照字號" : "(72)桃縣建管使字第00962號" , "原領執照字號" : "" , "變更設計次數" : "00" , "基地面積" : "0㎡" , "建築面積" : "0㎡" , "總樓地板面積" : "0㎡" , "建築物高度" : "0ｍ" , "地下避難面積" : "0㎡" , "法定空地面積" : "0㎡" , "建造類別" : "" , "構造別" : "" , "地上層數" : "0層" , "地下層數" : "0層" , "棟數" : "0棟" , "戶數" : "0戶" , "起造人代表人" : "" , "設計人" : "" , "監造人" : "" , "承造人" : "" , "雜項工作物" : "" , "停車空間" : "法定0輛，獎勵0輛，自設0輛" , "發照日期" : "年月日" , "實際開工日期" : "年月日" , "竣工日期" : "年月日" , "qtime" : "" , "樓層概要" : [ ] , "地號" : [ ] , "門牌" : [ ] , "縣市別" : "桃園市"} , { "_id" : { "$oid" : "606f5e0affa847b759c88880"} , "執照類別" : "使用執照" , "核發執照字號" : "(72)桃縣建管使字第00963號" , "原領執照字號" : "" , "變更設計次數" : "00" , "基地面積" : "0㎡" , "建築面積" : "0㎡" , "總樓地板面積" : "0㎡" , "建築物高度" : "0ｍ" , "地下避難面積" : "0㎡" , "法定空地面積" : "0㎡" , "建造類別" : "" , "構造別" : "" , "地上層數" : "0層" , "地下層數" : "0層" , "棟數" : "0棟" , "戶數" : "0戶" , "起造人代表人" : "" , "設計人" : "" , "監造人" : "" , "承造人" : "" , "雜項工作物" : "" , "停車空間" : "法定0輛，獎勵0輛，自設0輛" , "發照日期" : "年月日" , "實際開工日期" : "年月日" , "竣工日期" : "年月日" , "qtime" : "" , "樓層概要" : [ ] , "地號" : [ ] , "門牌" : [ ] , "縣市別" : "桃園市"} , { "_id" : { "$oid" : "606f5e0affa847b759c88881"} , "執照類別" : "使用執照" , "核發執照字號" : "(72)桃縣建管使字第00964號" , "原領執照字號" : "" , "變更設計次數" : "00" , "基地面積" : "0㎡" , "建築面積" : "0㎡" , "總樓地板面積" : "0㎡" , "建築物高度" : "0ｍ" , "地下避難面積" : "0㎡" , "法定空地面積" : "0㎡" , "建造類別" : "" , "構造別" : "" , "地上層數" : "0層" , "地下層數" : "0層" , "棟數" : "0棟" , "戶數" : "0戶" , "起造人代表人" : "" , "設計人" : "" , "監造人" : "" , "承造人" : "" , "雜項工作物" : "" , "停車空間" : "法定0輛，獎勵0輛，自設0輛" , "發照日期" : "年月日" , "實際開工日期" : "年月日" , "竣工日期" : "年月日" , "qtime" : "" , "樓層概要" : [ ] , "地號" : [ ] , "門牌" : [ ] , "縣市別" : "桃園市"} , { "_id" : { "$oid" : "606f5e0affa847b759c88882"} , "執照類別" : "使用執照" , "核發執照字號" : "(72)桃縣建管使字第00965號" , "原領執照字號" : "" , "變更設計次數" : "00" , "基地面積" : "0㎡" , "建築面積" : "0㎡" , "總樓地板面積" : "0㎡" , "建築物高度" : "0ｍ" , "地下避難面積" : "0㎡" , "法定空地面積" : "0㎡" , "建造類別" : "" , "構造別" : "" , "地上層數" : "0層" , "地下層數" : "0層" , "棟數" : "0棟" , "戶數" : "0戶" , "起造人代表人" : "" , "設計人" : "" , "監造人" : "" , "承造人" : "" , "雜項工作物" : "" , "停車空間" : "法定0輛，獎勵0輛，自設0輛" , "發照日期" : "年月日" , "實際開工日期" : "年月日" , "竣工日期" : "年月日" , "qtime" : "" , "樓層概要" : [ ] , "地號" : [ ] , "門牌" : [ ] , "縣市別" : "桃園市"} , { "_id" : { "$oid" : "606f5e0affa847b759c88883"} , "執照類別" : "使用執照" , "核發執照字號" : "(72)桃縣建管使字第00966號" , "原領執照字號" : "" , "變更設計次數" : "00" , "基地面積" : "0㎡" , "建築面積" : "0㎡" , "總樓地板面積" : "0㎡" , "建築物高度" : "0ｍ" , "地下避難面積" : "0㎡" , "法定空地面積" : "0㎡" , "建造類別" : "" , "構造別" : "" , "地上層數" : "0層" , "地下層數" : "0層" , "棟數" : "0棟" , "戶數" : "0戶" , "起造人代表人" : "" , "設計人" : "" , "監造人" : "" , "承造人" : "" , "雜項工作物" : "" , "停車空間" : "法定0輛，獎勵0輛，自設0輛" , "發照日期" : "年月日" , "實際開工日期" : "年月日" , "竣工日期" : "年月日" , "qtime" : "" , "樓層概要" : [ ] , "地號" : [ ] , "門牌" : [ ] , "縣市別" : "桃園市"} , { "_id" : { "$oid" : "606f5e0affa847b759c88884"} , "執照類別" : "使用執照" , "核發執照字號" : "(72)桃縣建管使字第00967號" , "原領執照字號" : "" , "變更設計次數" : "00" , "基地面積" : "0㎡" , "建築面積" : "0㎡" , "總樓地板面積" : "0㎡" , "建築物高度" : "0ｍ" , "地下避難面積" : "0㎡" , "法定空地面積" : "0㎡" , "建造類別" : "" , "構造別" : "" , "地上層數" : "0層" , "地下層數" : "0層" , "棟數" : "0棟" , "戶數" : "0戶" , "起造人代表人" : "" , "設計人" : "" , "監造人" : "" , "承造人" : "" , "雜項工作物" : "" , "停車空間" : "法定0輛，獎勵0輛，自設0輛" , "發照日期" : "年月日" , "實際開工日期" : "年月日" , "竣工日期" : "年月日" , "qtime" : "" , "樓層概要" : [ ] , "地號" : [ ] , "門牌" : [ ] , "縣市別" : "桃園市"} , { "_id" : { "$oid" : "606f5e0affa847b759c88885"} , "執照類別" : "使用執照" , "核發執照字號" : "(72)桃縣建管使字第00969號" , "原領執照字號" : "" , "變更設計次數" : "00" , "基地面積" : "0㎡" , "建築面積" : "0㎡" , "總樓地板面積" : "0㎡" , "建築物高度" : "0ｍ" , "地下避難面積" : "0㎡" , "法定空地面積" : "0㎡" , "建造類別" : "" , "構造別" : "" , "地上層數" : "0層" , "地下層數" : "0層" , "棟數" : "0棟" , "戶數" : "0戶" , "起造人代表人" : "" , "設計人" : "" , "監造人" : "" , "承造人" : "" , "雜項工作物" : "" , "停車空間" : "法定0輛，獎勵0輛，自設0輛" , "發照日期" : "年月日" , "實際開工日期" : "年月日" , "竣工日期" : "年月日" , "qtime" : "" , "樓層概要" : [ ] , "地號" : [ ] , "門牌" : [ ] , "縣市別" : "桃園市"} , { "_id" : { "$oid" : "606f5e0affa847b759c88886"} , "執照類別" : "使用執照" , "核發執照字號" : "(72)桃縣建管使字第00970號" , "原領執照字號" : "" , "變更設計次數" : "00" , "基地面積" : "0㎡" , "建築面積" : "0㎡" , "總樓地板面積" : "0㎡" , "建築物高度" : "0ｍ" , "地下避難面積" : "0㎡" , "法定空地面積" : "0㎡" , "建造類別" : "" , "構造別" : "" , "地上層數" : "0層" , "地下層數" : "0層" , "棟數" : "0棟" , "戶數" : "0戶" , "起造人代表人" : "" , "設計人" : "" , "監造人" : "" , "承造人" : "" , "雜項工作物" : "" , "停車空間" : "法定0輛，獎勵0輛，自設0輛" , "發照日期" : "年月日" , "實際開工日期" : "年月日" , "竣工日期" : "年月日" , "qtime" : "" , "樓層概要" : [ ] , "地號" : [ ] , "門牌" : [ ] , "縣市別" : "桃園市"} , { "_id" : { "$oid" : "606f5e0affa847b759c88887"} , "執照類別" : "使用執照" , "核發執照字號" : "(72)桃縣建管使字第00971號" , "原領執照字號" : "" , "變更設計次數" : "00" , "基地面積" : "0㎡" , "建築面積" : "0㎡" , "總樓地板面積" : "0㎡" , "建築物高度" : "0ｍ" , "地下避難面積" : "0㎡" , "法定空地面積" : "0㎡" , "建造類別" : "" , "構造別" : "" , "地上層數" : "0層" , "地下層數" : "0層" , "棟數" : "0棟" , "戶數" : "0戶" , "起造人代表人" : "" , "設計人" : "" , "監造人" : "" , "承造人" : "" , "雜項工作物" : "" , "停車空間" : "法定0輛，獎勵0輛，自設0輛" , "發照日期" : "年月日" , "實際開工日期" : "年月日" , "竣工日期" : "年月日" , "qtime" : "" , "樓層概要" : [ ] , "地號" : [ ] , "門牌" : [ ] , "縣市別" : "桃園市"} , { "_id" : { "$oid" : "606f5e0affa847b759c88888"} , "執照類別" : "使用執照" , "核發執照字號" : "(72)桃縣建管使字第00972號" , "原領執照字號" : "" , "變更設計次數" : "00" , "基地面積" : "0㎡" , "建築面積" : "0㎡" , "總樓地板面積" : "0㎡" , "建築物高度" : "0ｍ" , "地下避難面積" : "0㎡" , "法定空地面積" : "0㎡" , "建造類別" : "" , "構造別" : "" , "地上層數" : "0層" , "地下層數" : "0層" , "棟數" : "0棟" , "戶數" : "0戶" , "起造人代表人" : "" , "設計人" : "" , "監造人" : "" , "承造人" : "" , "雜項工作物" : "" , "停車空間" : "法定0輛，獎勵0輛，自設0輛" , "發照日期" : "年月日" , "實際開工日期" : "年月日" , "竣工日期" : "年月日" , "qtime" : "" , "樓層概要" : [ ] , "地號" : [ ] , "門牌" : [ ] , "縣市別" : "桃園市"} , { "_id" : { "$oid" : "606f5e0affa847b759c88889"} , "執照類別" : "使用執照" , "核發執照字號" : "(72)桃縣建管使字第00973號" , "原領執照字號" : "" , "變更設計次數" : "00" , "基地面積" : "0㎡" , "建築面積" : "0㎡" , "總樓地板面積" : "0㎡" , "建築物高度" : "0ｍ" , "地下避難面積" : "0㎡" , "法定空地面積" : "0㎡" , "建造類別" : "" , "構造別" : "" , "地上層數" : "0層" , "地下層數" : "0層" , "棟數" : "0棟" , "戶數" : "0戶" , "起造人代表人" : "" , "設計人" : "" , "監造人" : "" , "承造人" : "" , "雜項工作物" : "" , "停車空間" : "法定0輛，獎勵0輛，自設0輛" , "發照日期" : "年月日" , "實際開工日期" : "年月日" , "竣工日期" : "年月日" , "qtime" : "" , "樓層概要" : [ ] , "地號" : [ ] , "門牌" : [ ] , "縣市別" : "桃園市"} , { "_id" : { "$oid" : "606f5e0affa847b759c8888a"} , "執照類別" : "使用執照" , "核發執照字號" : "(72)桃縣建管使字第00974號" , "原領執照字號" : "" , "變更設計次數" : "00" , "基地面積" : "0㎡" , "建築面積" : "0㎡" , "總樓地板面積" : "0㎡" , "建築物高度" : "0ｍ" , "地下避難面積" : "0㎡" , "法定空地面積" : "0㎡" , "建造類別" : "" , "構造別" : "" , "地上層數" : "0層" , "地下層數" : "0層" , "棟數" : "0棟" , "戶數" : "0戶" , "起造人代表人" : "" , "設計人" : "" , "監造人" : "" , "承造人" : "" , "雜項工作物" : "" , "停車空間" : "法定0輛，獎勵0輛，自設0輛" , "發照日期" : "年月日" , "實際開工日期" : "年月日" , "竣工日期" : "年月日" , "qtime" : "" , "樓層概要" : [ ] , "地號" : [ ] , "門牌" : [ ] , "縣市別" : "桃園市"} , { "_id" : { "$oid" : "606f5e0affa847b759c8888b"} , "執照類別" : "使用執照" , "核發執照字號" : "(72)桃縣建管使字第00975號" , "原領執照字號" : "" , "變更設計次數" : "00" , "基地面積" : "0㎡" , "建築面積" : "0㎡" , "總樓地板面積" : "0㎡" , "建築物高度" : "0ｍ" , "地下避難面積" : "0㎡" , "法定空地面積" : "0㎡" , "建造類別" : "" , "構造別" : "" , "地上層數" : "0層" , "地下層數" : "0層" , "棟數" : "0棟" , "戶數" : "0戶" , "起造人代表人" : "" , "設計人" : "" , "監造人" : "" , "承造人" : "" , "雜項工作物" : "" , "停車空間" : "法定0輛，獎勵0輛，自設0輛" , "發照日期" : "年月日" , "實際開工日期" : "年月日" , "竣工日期" : "年月日" , "qtime" : "" , "樓層概要" : [ ] , "地號" : [ ] , "門牌" : [ ] , "縣市別" : "桃園市"} , { "_id" : { "$oid" : "606f5e0affa847b759c8888c"} , "執照類別" : "使用執照" , "核發執照字號" : "(72)桃縣建管使字第00976號" , "原領執照字號" : "" , "變更設計次數" : "00" , "基地面積" : "0㎡" , "建築面積" : "0㎡" , "總樓地板面積" : "0㎡" , "建築物高度" : "0ｍ" , "地下避難面積" : "0㎡" , "法定空地面積" : "0㎡" , "建造類別" : "" , "構造別" : "" , "地上層數" : "0層" , "地下層數" : "0層" , "棟數" : "0棟" , "戶數" : "0戶" , "起造人代表人" : "" , "設計人" : "" , "監造人" : "" , "承造人" : "" , "雜項工作物" : "" , "停車空間" : "法定0輛，獎勵0輛，自設0輛" , "發照日期" : "年月日" , "實際開工日期" : "年月日" , "竣工日期" : "年月日" , "qtime" : "" , "樓層概要" : [ ] , "地號" : [ ] , "門牌" : [ ] , "縣市別" : "桃園市"} , { "_id" : { "$oid" : "606f5e0affa847b759c8888d"} , "執照類別" : "使用執照" , "核發執照字號" : "(72)桃縣建管使字第00977號" , "原領執照字號" : "" , "變更設計次數" : "00" , "基地面積" : "0㎡" , "建築面積" : "0㎡" , "總樓地板面積" : "0㎡" , "建築物高度" : "0ｍ" , "地下避難面積" : "0㎡" , "法定空地面積" : "0㎡" , "建造類別" : "" , "構造別" : "" , "地上層數" : "0層" , "地下層數" : "0層" , "棟數" : "0棟" , "戶數" : "0戶" , "起造人代表人" : "" , "設計人" : "" , "監造人" : "" , "承造人" : "" , "雜項工作物" : "" , "停車空間" : "法定0輛，獎勵0輛，自設0輛" , "發照日期" : "年月日" , "實際開工日期" : "年月日" , "竣工日期" : "年月日" , "qtime" : "" , "樓層概要" : [ ] , "地號" : [ ] , "門牌" : [ ] , "縣市別" : "桃園市"} , { "_id" : { "$oid" : "606f5e0affa847b759c8888e"} , "執照類別" : "使用執照" , "核發執照字號" : "(72)桃縣建管使字第00978號" , "原領執照字號" : "" , "變更設計次數" : "00" , "基地面積" : "0㎡" , "建築面積" : "0㎡" , "總樓地板面積" : "0㎡" , "建築物高度" : "0ｍ" , "地下避難面積" : "0㎡" , "法定空地面積" : "0㎡" , "建造類別" : "" , "構造別" : "" , "地上層數" : "0層" , "地下層數" : "0層" , "棟數" : "0棟" , "戶數" : "0戶" , "起造人代表人" : "" , "設計人" : "" , "監造人" : "" , "承造人" : "" , "雜項工作物" : "" , "停車空間" : "法定0輛，獎勵0輛，自設0輛" , "發照日期" : "年月日" , "實際開工日期" : "年月日" , "竣工日期" : "年月日" , "qtime" : "" , "樓層概要" : [ ] , "地號" : [ ] , "門牌" : [ ] , "縣市別" : "桃園市"} , { "_id" : { "$oid" : "606f5e0affa847b759c8888f"} , "執照類別" : "使用執照" , "核發執照字號" : "(72)桃縣建管使字第00979號" , "原領執照字號" : "" , "變更設計次數" : "00" , "基地面積" : "0㎡" , "建築面積" : "0㎡" , "總樓地板面積" : "0㎡" , "建築物高度" : "0ｍ" , "地下避難面積" : "0㎡" , "法定空地面積" : "0㎡" , "建造類別" : "" , "構造別" : "" , "地上層數" : "0層" , "地下層數" : "0層" , "棟數" : "0棟" , "戶數" : "0戶" , "起造人代表人" : "" , "設計人" : "" , "監造人" : "" , "承造人" : "" , "雜項工作物" : "" , "停車空間" : "法定0輛，獎勵0輛，自設0輛" , "發照日期" : "年月日" , "實際開工日期" : "年月日" , "竣工日期" : "年月日" , "qtime" : "" , "樓層概要" : [ ] , "地號" : [ ] , "門牌" : [ ] , "縣市別" : "桃園市"} , { "_id" : { "$oid" : "606f5e0affa847b759c88890"} , "執照類別" : "使用執照" , "核發執照字號" : "(72)桃縣建管使字第00980號" , "原領執照字號" : "" , "變更設計次數" : "00" , "基地面積" : "0㎡" , "建築面積" : "0㎡" , "總樓地板面積" : "0㎡" , "建築物高度" : "0ｍ" , "地下避難面積" : "0㎡" , "法定空地面積" : "0㎡" , "建造類別" : "" , "構造別" : "" , "地上層數" : "0層" , "地下層數" : "0層" , "棟數" : "0棟" , "戶數" : "0戶" , "起造人代表人" : "" , "設計人" : "" , "監造人" : "" , "承造人" : "" , "雜項工作物" : "" , "停車空間" : "法定0輛，獎勵0輛，自設0輛" , "發照日期" : "年月日" , "實際開工日期" : "年月日" , "竣工日期" : "年月日" , "qtime" : "" , "樓層概要" : [ ] , "地號" : [ ] , "門牌" : [ ] , "縣市別" : "桃園市"} , { "_id" : { "$oid" : "606f5e0affa847b759c88891"} , "執照類別" : "使用執照" , "核發執照字號" : "(72)桃縣建管使字第00981號" , "原領執照字號" : "" , "變更設計次數" : "00" , "基地面積" : "0㎡" , "建築面積" : "0㎡" , "總樓地板面積" : "0㎡" , "建築物高度" : "0ｍ" , "地下避難面積" : "0㎡" , "法定空地面積" : "0㎡" , "建造類別" : "" , "構造別" : "" , "地上層數" : "0層" , "地下層數" : "0層" , "棟數" : "0棟" , "戶數" : "0戶" , "起造人代表人" : "" , "設計人" : "" , "監造人" : "" , "承造人" : "" , "雜項工作物" : "" , "停車空間" : "法定0輛，獎勵0輛，自設0輛" , "發照日期" : "年月日" , "實際開工日期" : "年月日" , "竣工日期" : "年月日" , "qtime" : "" , "樓層概要" : [ ] , "地號" : [ ] , "門牌" : [ ] , "縣市別" : "桃園市"} , { "_id" : { "$oid" : "606f5e0affa847b759c88892"} , "執照類別" : "使用執照" , "核發執照字號" : "(72)桃縣建管使字第00982號" , "原領執照字號" : "" , "變更設計次數" : "00" , "基地面積" : "0㎡" , "建築面積" : "0㎡" , "總樓地板面積" : "0㎡" , "建築物高度" : "0ｍ" , "地下避難面積" : "0㎡" , "法定空地面積" : "0㎡" , "建造類別" : "" , "構造別" : "" , "地上層數" : "0層" , "地下層數" : "0層" , "棟數" : "0棟" , "戶數" : "0戶" , "起造人代表人" : "" , "設計人" : "" , "監造人" : "" , "承造人" : "" , "雜項工作物" : "" , "停車空間" : "法定0輛，獎勵0輛，自設0輛" , "發照日期" : "年月日" , "實際開工日期" : "年月日" , "竣工日期" : "年月日" , "qtime" : "" , "樓層概要" : [ ] , "地號" : [ ] , "門牌" : [ ] , "縣市別" : "桃園市"} , { "_id" : { "$oid" : "606f5e0affa847b759c88893"} , "執照類別" : "使用執照" , "核發執照字號" : "(72)桃縣建管使字第00984號" , "原領執照字號" : "" , "變更設計次數" : "00" , "基地面積" : "0㎡" , "建築面積" : "0㎡" , "總樓地板面積" : "0㎡" , "建築物高度" : "0ｍ" , "地下避難面積" : "0㎡" , "法定空地面積" : "0㎡" , "建造類別" : "" , "構造別" : "" , "地上層數" : "0層" , "地下層數" : "0層" , "棟數" : "0棟" , "戶數" : "0戶" , "起造人代表人" : "" , "設計人" : "" , "監造人" : "" , "承造人" : "" , "雜項工作物" : "" , "停車空間" : "法定0輛，獎勵0輛，自設0輛" , "發照日期" : "年月日" , "實際開工日期" : "年月日" , "竣工日期" : "年月日" , "qtime" : "" , "樓層概要" : [ ] , "地號" : [ ] , "門牌" : [ ] , "縣市別" : "桃園市"} , { "_id" : { "$oid" : "606f5e0affa847b759c88894"} , "執照類別" : "使用執照" , "核發執照字號" : "(72)桃縣建管使字第00985號" , "原領執照字號" : "" , "變更設計次數" : "00" , "基地面積" : "0㎡" , "建築面積" : "0㎡" , "總樓地板面積" : "0㎡" , "建築物高度" : "0ｍ" , "地下避難面積" : "0㎡" , "法定空地面積" : "0㎡" , "建造類別" : "" , "構造別" : "" , "地上層數" : "0層" , "地下層數" : "0層" , "棟數" : "0棟" , "戶數" : "0戶" , "起造人代表人" : "" , "設計人" : "" , "監造人" : "" , "承造人" : "" , "雜項工作物" : "" , "停車空間" : "法定0輛，獎勵0輛，自設0輛" , "發照日期" : "年月日" , "實際開工日期" : "年月日" , "竣工日期" : "年月日" , "qtime" : "" , "樓層概要" : [ ] , "地號" : [ ] , "門牌" : [ ] , "縣市別" : "桃園市"} , { "_id" : { "$oid" : "606f5e0affa847b759c88895"} , "執照類別" : "使用執照" , "核發執照字號" : "(72)桃縣建管使字第00987號" , "原領執照字號" : "" , "變更設計次數" : "00" , "基地面積" : "0㎡" , "建築面積" : "0㎡" , "總樓地板面積" : "0㎡" , "建築物高度" : "0ｍ" , "地下避難面積" : "0㎡" , "法定空地面積" : "0㎡" , "建造類別" : "" , "構造別" : "" , "地上層數" : "0層" , "地下層數" : "0層" , "棟數" : "0棟" , "戶數" : "0戶" , "起造人代表人" : "" , "設計人" : "" , "監造人" : "" , "承造人" : "" , "雜項工作物" : "" , "停車空間" : "法定0輛，獎勵0輛，自設0輛" , "發照日期" : "年月日" , "實際開工日期" : "年月日" , "竣工日期" : "年月日" , "qtime" : "" , "樓層概要" : [ ] , "地號" : [ ] , "門牌" : [ ] , "縣市別" : "桃園市"} , { "_id" : { "$oid" : "606f5e0affa847b759c88896"} , "執照類別" : "使用執照" , "核發執照字號" : "(72)桃縣建管使字第00989號" , "原領執照字號" : "" , "變更設計次數" : "00" , "基地面積" : "0㎡" , "建築面積" : "0㎡" , "總樓地板面積" : "0㎡" , "建築物高度" : "0ｍ" , "地下避難面積" : "0㎡" , "法定空地面積" : "0㎡" , "建造類別" : "" , "構造別" : "" , "地上層數" : "0層" , "地下層數" : "0層" , "棟數" : "0棟" , "戶數" : "0戶" , "起造人代表人" : "" , "設計人" : "" , "監造人" : "" , "承造人" : "" , "雜項工作物" : "" , "停車空間" : "法定0輛，獎勵0輛，自設0輛" , "發照日期" : "年月日" , "實際開工日期" : "年月日" , "竣工日期" : "年月日" , "qtime" : "" , "樓層概要" : [ ] , "地號" : [ ] , "門牌" : [ ] , "縣市別" : "桃園市"} , { "_id" : { "$oid" : "606f5e0affa847b759c88897"} , "執照類別" : "使用執照" , "核發執照字號" : "(72)桃縣建管使字第00990號" , "原領執照字號" : "" , "變更設計次數" : "00" , "基地面積" : "0㎡" , "建築面積" : "0㎡" , "總樓地板面積" : "0㎡" , "建築物高度" : "0ｍ" , "地下避難面積" : "0㎡" , "法定空地面積" : "0㎡" , "建造類別" : "" , "構造別" : "" , "地上層數" : "0層" , "地下層數" : "0層" , "棟數" : "0棟" , "戶數" : "0戶" , "起造人代表人" : "" , "設計人" : "" , "監造人" : "" , "承造人" : "" , "雜項工作物" : "" , "停車空間" : "法定0輛，獎勵0輛，自設0輛" , "發照日期" : "年月日" , "實際開工日期" : "年月日" , "竣工日期" : "年月日" , "qtime" : "" , "樓層概要" : [ ] , "地號" : [ ] , "門牌" : [ ] , "縣市別" : "桃園市"} , { "_id" : { "$oid" : "606f5e0affa847b759c88898"} , "執照類別" : "使用執照" , "核發執照字號" : "(72)桃縣建管使字第00991號" , "原領執照字號" : "" , "變更設計次數" : "00" , "基地面積" : "0㎡" , "建築面積" : "0㎡" , "總樓地板面積" : "0㎡" , "建築物高度" : "0ｍ" , "地下避難面積" : "0㎡" , "法定空地面積" : "0㎡" , "建造類別" : "" , "構造別" : "" , "地上層數" : "0層" , "地下層數" : "0層" , "棟數" : "0棟" , "戶數" : "0戶" , "起造人代表人" : "" , "設計人" : "" , "監造人" : "" , "承造人" : "" , "雜項工作物" : "" , "停車空間" : "法定0輛，獎勵0輛，自設0輛" , "發照日期" : "年月日" , "實際開工日期" : "年月日" , "竣工日期" : "年月日" , "qtime" : "" , "樓層概要" : [ ] , "地號" : [ ] , "門牌" : [ ] , "縣市別" : "桃園市"} , { "_id" : { "$oid" : "606f5e0affa847b759c88899"} , "執照類別" : "使用執照" , "核發執照字號" : "(72)桃縣建管使字第00993號" , "原領執照字號" : "" , "變更設計次數" : "00" , "基地面積" : "0㎡" , "建築面積" : "0㎡" , "總樓地板面積" : "0㎡" , "建築物高度" : "0ｍ" , "地下避難面積" : "0㎡" , "法定空地面積" : "0㎡" , "建造類別" : "" , "構造別" : "" , "地上層數" : "0層" , "地下層數" : "0層" , "棟數" : "0棟" , "戶數" : "0戶" , "起造人代表人" : "" , "設計人" : "" , "監造人" : "" , "承造人" : "" , "雜項工作物" : "" , "停車空間" : "法定0輛，獎勵0輛，自設0輛" , "發照日期" : "年月日" , "實際開工日期" : "年月日" , "竣工日期" : "年月日" , "qtime" : "" , "樓層概要" : [ ] , "地號" : [ ] , "門牌" : [ ] , "縣市別" : "桃園市"} , { "_id" : { "$oid" : "606f5e0affa847b759c8889a"} , "執照類別" : "使用執照" , "核發執照字號" : "(72)桃縣建管使字第00999號" , "原領執照字號" : "" , "變更設計次數" : "00" , "基地面積" : "0㎡" , "建築面積" : "0㎡" , "總樓地板面積" : "0㎡" , "建築物高度" : "0ｍ" , "地下避難面積" : "0㎡" , "法定空地面積" : "0㎡" , "建造類別" : "" , "構造別" : "" , "地上層數" : "0層" , "地下層數" : "0層" , "棟數" : "0棟" , "戶數" : "0戶" , "起造人代表人" : "" , "設計人" : "" , "監造人" : "" , "承造人" : "" , "雜項工作物" : "" , "停車空間" : "法定0輛，獎勵0輛，自設0輛" , "發照日期" : "年月日" , "實際開工日期" : "年月日" , "竣工日期" : "年月日" , "qtime" : "" , "樓層概要" : [ ] , "地號" : [ ] , "門牌" : [ ] , "縣市別" : "桃園市"} , { "_id" : { "$oid" : "606f5e0affa847b759c8889b"} , "執照類別" : "使用執照" , "核發執照字號" : "(72)桃縣建管使字第01000號" , "原領執照字號" : "" , "變更設計次數" : "00" , "基地面積" : "0㎡" , "建築面積" : "0㎡" , "總樓地板面積" : "0㎡" , "建築物高度" : "0ｍ" , "地下避難面積" : "0㎡" , "法定空地面積" : "0㎡" , "建造類別" : "" , "構造別" : "" , "地上層數" : "0層" , "地下層數" : "0層" , "棟數" : "0棟" , "戶數" : "0戶" , "起造人代表人" : "" , "設計人" : "" , "監造人" : "" , "承造人" : "" , "雜項工作物" : "" , "停車空間" : "法定0輛，獎勵0輛，自設0輛" , "發照日期" : "年月日" , "實際開工日期" : "年月日" , "竣工日期" : "年月日" , "qtime" : "" , "樓層概要" : [ ] , "地號" : [ ] , "門牌" : [ ] , "縣市別" : "桃園市"} , { "_id" : { "$oid" : "606f5e0affa847b759c8889c"} , "執照類別" : "使用執照" , "核發執照字號" : "(72)桃縣建管使字第01001號" , "原領執照字號" : "" , "變更設計次數" : "00" , "基地面積" : "0㎡" , "建築面積" : "0㎡" , "總樓地板面積" : "0㎡" , "建築物高度" : "0ｍ" , "地下避難面積" : "0㎡" , "法定空地面積" : "0㎡" , "建造類別" : "" , "構造別" : "" , "地上層數" : "0層" , "地下層數" : "0層" , "棟數" : "0棟" , "戶數" : "0戶" , "起造人代表人" : "" , "設計人" : "" , "監造人" : "" , "承造人" : "" , "雜項工作物" : "" , "停車空間" : "法定0輛，獎勵0輛，自設0輛" , "發照日期" : "年月日" , "實際開工日期" : "年月日" , "竣工日期" : "年月日" , "qtime" : "" , "樓層概要" : [ ] , "地號" : [ ] , "門牌" : [ ] , "縣市別" : "桃園市"} , { "_id" : { "$oid" : "606f5e0affa847b759c8889d"} , "執照類別" : "使用執照" , "核發執照字號" : "(72)桃縣建管使字第01002號" , "原領執照字號" : "" , "變更設計次數" : "00" , "基地面積" : "0㎡" , "建築面積" : "0㎡" , "總樓地板面積" : "0㎡" , "建築物高度" : "0ｍ" , "地下避難面積" : "0㎡" , "法定空地面積" : "0㎡" , "建造類別" : "" , "構造別" : "" , "地上層數" : "0層" , "地下層數" : "0層" , "棟數" : "0棟" , "戶數" : "0戶" , "起造人代表人" : "" , "設計人" : "" , "監造人" : "" , "承造人" : "" , "雜項工作物" : "" , "停車空間" : "法定0輛，獎勵0輛，自設0輛" , "發照日期" : "年月日" , "實際開工日期" : "年月日" , "竣工日期" : "年月日" , "qtime" : "" , "樓層概要" : [ ] , "地號" : [ ] , "門牌" : [ ] , "縣市別" : "桃園市"} , { "_id" : { "$oid" : "606f5e0affa847b759c8889e"} , "執照類別" : "使用執照" , "核發執照字號" : "(72)桃縣建管使字第01003號" , "原領執照字號" : "" , "變更設計次數" : "00" , "基地面積" : "0㎡" , "建築面積" : "0㎡" , "總樓地板面積" : "0㎡" , "建築物高度" : "0ｍ" , "地下避難面積" : "0㎡" , "法定空地面積" : "0㎡" , "建造類別" : "" , "構造別" : "" , "地上層數" : "0層" , "地下層數" : "0層" , "棟數" : "0棟" , "戶數" : "0戶" , "起造人代表人" : "" , "設計人" : "" , "監造人" : "" , "承造人" : "" , "雜項工作物" : "" , "停車空間" : "法定0輛，獎勵0輛，自設0輛" , "發照日期" : "年月日" , "實際開工日期" : "年月日" , "竣工日期" : "年月日" , "qtime" : "" , "樓層概要" : [ ] , "地號" : [ ] , "門牌" : [ ] , "縣市別" : "桃園市"} , { "_id" : { "$oid" : "606f5e0affa847b759c8889f"} , "執照類別" : "使用執照" , "核發執照字號" : "(72)桃縣建管使字第01004號" , "原領執照字號" : "" , "變更設計次數" : "00" , "基地面積" : "0㎡" , "建築面積" : "0㎡" , "總樓地板面積" : "0㎡" , "建築物高度" : "0ｍ" , "地下避難面積" : "0㎡" , "法定空地面積" : "0㎡" , "建造類別" : "" , "構造別" : "" , "地上層數" : "0層" , "地下層數" : "0層" , "棟數" : "0棟" , "戶數" : "0戶" , "起造人代表人" : "" , "設計人" : "" , "監造人" : "" , "承造人" : "" , "雜項工作物" : "" , "停車空間" : "法定0輛，獎勵0輛，自設0輛" , "發照日期" : "年月日" , "實際開工日期" : "年月日" , "竣工日期" : "年月日" , "qtime" : "" , "樓層概要" : [ ] , "地號" : [ ] , "門牌" : [ ] , "縣市別" : "桃園市"} , { "_id" : { "$oid" : "606f5e0affa847b759c888a0"} , "執照類別" : "使用執照" , "核發執照字號" : "(72)桃縣建管使字第01005號" , "原領執照字號" : "" , "變更設計次數" : "00" , "基地面積" : "0㎡" , "建築面積" : "0㎡" , "總樓地板面積" : "0㎡" , "建築物高度" : "0ｍ" , "地下避難面積" : "0㎡" , "法定空地面積" : "0㎡" , "建造類別" : "" , "構造別" : "" , "地上層數" : "0層" , "地下層數" : "0層" , "棟數" : "0棟" , "戶數" : "0戶" , "起造人代表人" : "" , "設計人" : "" , "監造人" : "" , "承造人" : "" , "雜項工作物" : "" , "停車空間" : "法定0輛，獎勵0輛，自設0輛" , "發照日期" : "年月日" , "實際開工日期" : "年月日" , "竣工日期" : "年月日" , "qtime" : "" , "樓層概要" : [ ] , "地號" : [ ] , "門牌" : [ ] , "縣市別" : "桃園市"} , { "_id" : { "$oid" : "606f5e0affa847b759c888a1"} , "執照類別" : "使用執照" , "核發執照字號" : "(72)桃縣建管使字第01006號" , "原領執照字號" : "" , "變更設計次數" : "00" , "基地面積" : "0㎡" , "建築面積" : "0㎡" , "總樓地板面積" : "0㎡" , "建築物高度" : "0ｍ" , "地下避難面積" : "0㎡" , "法定空地面積" : "0㎡" , "建造類別" : "" , "構造別" : "" , "地上層數" : "0層" , "地下層數" : "0層" , "棟數" : "0棟" , "戶數" : "0戶" , "起造人代表人" : "" , "設計人" : "" , "監造人" : "" , "承造人" : "" , "雜項工作物" : "" , "停車空間" : "法定0輛，獎勵0輛，自設0輛" , "發照日期" : "年月日" , "實際開工日期" : "年月日" , "竣工日期" : "年月日" , "qtime" : "" , "樓層概要" : [ ] , "地號" : [ ] , "門牌" : [ ] , "縣市別" : "桃園市"} , { "_id" : { "$oid" : "606f5e0affa847b759c888a2"} , "執照類別" : "使用執照" , "核發執照字號" : "(72)桃縣建管使字第01007號" , "原領執照字號" : "" , "變更設計次數" : "00" , "基地面積" : "0㎡" , "建築面積" : "0㎡" , "總樓地板面積" : "0㎡" , "建築物高度" : "0ｍ" , "地下避難面積" : "0㎡" , "法定空地面積" : "0㎡" , "建造類別" : "" , "構造別" : "" , "地上層數" : "0層" , "地下層數" : "0層" , "棟數" : "0棟" , "戶數" : "0戶" , "起造人代表人" : "" , "設計人" : "" , "監造人" : "" , "承造人" : "" , "雜項工作物" : "" , "停車空間" : "法定0輛，獎勵0輛，自設0輛" , "發照日期" : "年月日" , "實際開工日期" : "年月日" , "竣工日期" : "年月日" , "qtime" : "" , "樓層概要" : [ ] , "地號" : [ ] , "門牌" : [ ] , "縣市別" : "桃園市"} , { "_id" : { "$oid" : "606f5e0affa847b759c888a3"} , "執照類別" : "使用執照" , "核發執照字號" : "(72)桃縣建管使字第01008號" , "原領執照字號" : "" , "變更設計次數" : "00" , "基地面積" : "0㎡" , "建築面積" : "0㎡" , "總樓地板面積" : "0㎡" , "建築物高度" : "0ｍ" , "地下避難面積" : "0㎡" , "法定空地面積" : "0㎡" , "建造類別" : "" , "構造別" : "" , "地上層數" : "0層" , "地下層數" : "0層" , "棟數" : "0棟" , "戶數" : "0戶" , "起造人代表人" : "" , "設計人" : "" , "監造人" : "" , "承造人" : "" , "雜項工作物" : "" , "停車空間" : "法定0輛，獎勵0輛，自設0輛" , "發照日期" : "年月日" , "實際開工日期" : "年月日" , "竣工日期" : "年月日" , "qtime" : "" , "樓層概要" : [ ] , "地號" : [ ] , "門牌" : [ ] , "縣市別" : "桃園市"} , { "_id" : { "$oid" : "606f5e0affa847b759c888a4"} , "執照類別" : "使用執照" , "核發執照字號" : "(72)桃縣建管使字第01009號" , "原領執照字號" : "" , "變更設計次數" : "00" , "基地面積" : "0㎡" , "建築面積" : "0㎡" , "總樓地板面積" : "0㎡" , "建築物高度" : "0ｍ" , "地下避難面積" : "0㎡" , "法定空地面積" : "0㎡" , "建造類別" : "" , "構造別" : "" , "地上層數" : "0層" , "地下層數" : "0層" , "棟數" : "0棟" , "戶數" : "0戶" , "起造人代表人" : "" , "設計人" : "" , "監造人" : "" , "承造人" : "" , "雜項工作物" : "" , "停車空間" : "法定0輛，獎勵0輛，自設0輛" , "發照日期" : "年月日" , "實際開工日期" : "年月日" , "竣工日期" : "年月日" , "qtime" : "" , "樓層概要" : [ ] , "地號" : [ ] , "門牌" : [ ] , "縣市別" : "桃園市"} , { "_id" : { "$oid" : "606f5e0affa847b759c888a5"} , "執照類別" : "使用執照" , "核發執照字號" : "(72)桃縣建管使字第01010號" , "原領執照字號" : "" , "變更設計次數" : "00" , "基地面積" : "0㎡" , "建築面積" : "0㎡" , "總樓地板面積" : "0㎡" , "建築物高度" : "0ｍ" , "地下避難面積" : "0㎡" , "法定空地面積" : "0㎡" , "建造類別" : "" , "構造別" : "" , "地上層數" : "0層" , "地下層數" : "0層" , "棟數" : "0棟" , "戶數" : "0戶" , "起造人代表人" : "" , "設計人" : "" , "監造人" : "" , "承造人" : "" , "雜項工作物" : "" , "停車空間" : "法定0輛，獎勵0輛，自設0輛" , "發照日期" : "年月日" , "實際開工日期" : "年月日" , "竣工日期" : "年月日" , "qtime" : "" , "樓層概要" : [ ] , "地號" : [ ] , "門牌" : [ ] , "縣市別" : "桃園市"} , { "_id" : { "$oid" : "606f5e0affa847b759c888a6"} , "執照類別" : "使用執照" , "核發執照字號" : "(72)桃縣建管使字第01012號" , "原領執照字號" : "" , "變更設計次數" : "00" , "基地面積" : "0㎡" , "建築面積" : "0㎡" , "總樓地板面積" : "0㎡" , "建築物高度" : "0ｍ" , "地下避難面積" : "0㎡" , "法定空地面積" : "0㎡" , "建造類別" : "" , "構造別" : "" , "地上層數" : "0層" , "地下層數" : "0層" , "棟數" : "0棟" , "戶數" : "0戶" , "起造人代表人" : "" , "設計人" : "" , "監造人" : "" , "承造人" : "" , "雜項工作物" : "" , "停車空間" : "法定0輛，獎勵0輛，自設0輛" , "發照日期" : "年月日" , "實際開工日期" : "年月日" , "竣工日期" : "年月日" , "qtime" : "" , "樓層概要" : [ ] , "地號" : [ ] , "門牌" : [ ] , "縣市別" : "桃園市"} , { "_id" : { "$oid" : "606f5e0affa847b759c888a7"} , "執照類別" : "使用執照" , "核發執照字號" : "(72)桃縣建管使字第01013號" , "原領執照字號" : "" , "變更設計次數" : "00" , "基地面積" : "0㎡" , "建築面積" : "0㎡" , "總樓地板面積" : "0㎡" , "建築物高度" : "0ｍ" , "地下避難面積" : "0㎡" , "法定空地面積" : "0㎡" , "建造類別" : "" , "構造別" : "" , "地上層數" : "0層" , "地下層數" : "0層" , "棟數" : "0棟" , "戶數" : "0戶" , "起造人代表人" : "" , "設計人" : "" , "監造人" : "" , "承造人" : "" , "雜項工作物" : "" , "停車空間" : "法定0輛，獎勵0輛，自設0輛" , "發照日期" : "年月日" , "實際開工日期" : "年月日" , "竣工日期" : "年月日" , "qtime" : "" , "樓層概要" : [ ] , "地號" : [ ] , "門牌" : [ ] , "縣市別" : "桃園市"} , { "_id" : { "$oid" : "606f5e0affa847b759c888a8"} , "執照類別" : "使用執照" , "核發執照字號" : "(72)桃縣建管使字第01014號" , "原領執照字號" : "" , "變更設計次數" : "00" , "基地面積" : "0㎡" , "建築面積" : "0㎡" , "總樓地板面積" : "0㎡" , "建築物高度" : "0ｍ" , "地下避難面積" : "0㎡" , "法定空地面積" : "0㎡" , "建造類別" : "" , "構造別" : "" , "地上層數" : "0層" , "地下層數" : "0層" , "棟數" : "0棟" , "戶數" : "0戶" , "起造人代表人" : "" , "設計人" : "" , "監造人" : "" , "承造人" : "" , "雜項工作物" : "" , "停車空間" : "法定0輛，獎勵0輛，自設0輛" , "發照日期" : "年月日" , "實際開工日期" : "年月日" , "竣工日期" : "年月日" , "qtime" : "" , "樓層概要" : [ ] , "地號" : [ ] , "門牌" : [ ] , "縣市別" : "桃園市"} , { "_id" : { "$oid" : "606f5e0affa847b759c888a9"} , "執照類別" : "使用執照" , "核發執照字號" : "(72)桃縣建管使字第01016號" , "原領執照字號" : "" , "變更設計次數" : "00" , "基地面積" : "0㎡" , "建築面積" : "0㎡" , "總樓地板面積" : "0㎡" , "建築物高度" : "0ｍ" , "地下避難面積" : "0㎡" , "法定空地面積" : "0㎡" , "建造類別" : "" , "構造別" : "" , "地上層數" : "0層" , "地下層數" : "0層" , "棟數" : "0棟" , "戶數" : "0戶" , "起造人代表人" : "" , "設計人" : "" , "監造人" : "" , "承造人" : "" , "雜項工作物" : "" , "停車空間" : "法定0輛，獎勵0輛，自設0輛" , "發照日期" : "年月日" , "實際開工日期" : "年月日" , "竣工日期" : "年月日" , "qtime" : "" , "樓層概要" : [ ] , "地號" : [ ] , "門牌" : [ ] , "縣市別" : "桃園市"} , { "_id" : { "$oid" : "606f5e0affa847b759c888aa"} , "執照類別" : "使用執照" , "核發執照字號" : "(72)桃縣建管使字第01017號" , "原領執照字號" : "" , "變更設計次數" : "00" , "基地面積" : "0㎡" , "建築面積" : "0㎡" , "總樓地板面積" : "0㎡" , "建築物高度" : "0ｍ" , "地下避難面積" : "0㎡" , "法定空地面積" : "0㎡" , "建造類別" : "" , "構造別" : "" , "地上層數" : "0層" , "地下層數" : "0層" , "棟數" : "0棟" , "戶數" : "0戶" , "起造人代表人" : "" , "設計人" : "" , "監造人" : "" , "承造人" : "" , "雜項工作物" : "" , "停車空間" : "法定0輛，獎勵0輛，自設0輛" , "發照日期" : "年月日" , "實際開工日期" : "年月日" , "竣工日期" : "年月日" , "qtime" : "" , "樓層概要" : [ ] , "地號" : [ ] , "門牌" : [ ] , "縣市別" : "桃園市"} , { "_id" : { "$oid" : "606f5e0affa847b759c888ab"} , "執照類別" : "使用執照" , "核發執照字號" : "(72)桃縣建管使字第01018號" , "原領執照字號" : "" , "變更設計次數" : "00" , "基地面積" : "0㎡" , "建築面積" : "0㎡" , "總樓地板面積" : "0㎡" , "建築物高度" : "0ｍ" , "地下避難面積" : "0㎡" , "法定空地面積" : "0㎡" , "建造類別" : "" , "構造別" : "" , "地上層數" : "0層" , "地下層數" : "0層" , "棟數" : "0棟" , "戶數" : "0戶" , "起造人代表人" : "" , "設計人" : "" , "監造人" : "" , "承造人" : "" , "雜項工作物" : "" , "停車空間" : "法定0輛，獎勵0輛，自設0輛" , "發照日期" : "年月日" , "實際開工日期" : "年月日" , "竣工日期" : "年月日" , "qtime" : "" , "樓層概要" : [ ] , "地號" : [ ] , "門牌" : [ ] , "縣市別" : "桃園市"} , { "_id" : { "$oid" : "606f5e0affa847b759c888ac"} , "執照類別" : "使用執照" , "核發執照字號" : "(72)桃縣建管使字第01019號" , "原領執照字號" : "" , "變更設計次數" : "00" , "基地面積" : "0㎡" , "建築面積" : "0㎡" , "總樓地板面積" : "0㎡" , "建築物高度" : "0ｍ" , "地下避難面積" : "0㎡" , "法定空地面積" : "0㎡" , "建造類別" : "" , "構造別" : "" , "地上層數" : "0層" , "地下層數" : "0層" , "棟數" : "0棟" , "戶數" : "0戶" , "起造人代表人" : "" , "設計人" : "" , "監造人" : "" , "承造人" : "" , "雜項工作物" : "" , "停車空間" : "法定0輛，獎勵0輛，自設0輛" , "發照日期" : "年月日" , "實際開工日期" : "年月日" , "竣工日期" : "年月日" , "qtime" : "" , "樓層概要" : [ ] , "地號" : [ ] , "門牌" : [ ] , "縣市別" : "桃園市"} , { "_id" : { "$oid" : "606f5e0affa847b759c888ad"} , "執照類別" : "使用執照" , "核發執照字號" : "(72)桃縣建管使字第01021號" , "原領執照字號" : "" , "變更設計次數" : "00" , "基地面積" : "0㎡" , "建築面積" : "0㎡" , "總樓地板面積" : "0㎡" , "建築物高度" : "0ｍ" , "地下避難面積" : "0㎡" , "法定空地面積" : "0㎡" , "建造類別" : "" , "構造別" : "" , "地上層數" : "0層" , "地下層數" : "0層" , "棟數" : "0棟" , "戶數" : "0戶" , "起造人代表人" : "" , "設計人" : "" , "監造人" : "" , "承造人" : "" , "雜項工作物" : "" , "停車空間" : "法定0輛，獎勵0輛，自設0輛" , "發照日期" : "年月日" , "實際開工日期" : "年月日" , "竣工日期" : "年月日" , "qtime" : "" , "樓層概要" : [ ] , "地號" : [ ] , "門牌" : [ ] , "縣市別" : "桃園市"} , { "_id" : { "$oid" : "606f5e0affa847b759c888ae"} , "執照類別" : "使用執照" , "核發執照字號" : "(72)桃縣建管使字第01022號" , "原領執照字號" : "" , "變更設計次數" : "00" , "基地面積" : "0㎡" , "建築面積" : "0㎡" , "總樓地板面積" : "0㎡" , "建築物高度" : "0ｍ" , "地下避難面積" : "0㎡" , "法定空地面積" : "0㎡" , "建造類別" : "" , "構造別" : "" , "地上層數" : "0層" , "地下層數" : "0層" , "棟數" : "0棟" , "戶數" : "0戶" , "起造人代表人" : "" , "設計人" : "" , "監造人" : "" , "承造人" : "" , "雜項工作物" : "" , "停車空間" : "法定0輛，獎勵0輛，自設0輛" , "發照日期" : "年月日" , "實際開工日期" : "年月日" , "竣工日期" : "年月日" , "qtime" : "" , "樓層概要" : [ ] , "地號" : [ ] , "門牌" : [ ] , "縣市別" : "桃園市"} , { "_id" : { "$oid" : "606f5e0affa847b759c888af"} , "執照類別" : "使用執照" , "核發執照字號" : "(72)桃縣建管使字第01023號" , "原領執照字號" : "" , "變更設計次數" : "00" , "基地面積" : "0㎡" , "建築面積" : "0㎡" , "總樓地板面積" : "0㎡" , "建築物高度" : "0ｍ" , "地下避難面積" : "0㎡" , "法定空地面積" : "0㎡" , "建造類別" : "" , "構造別" : "" , "地上層數" : "0層" , "地下層數" : "0層" , "棟數" : "0棟" , "戶數" : "0戶" , "起造人代表人" : "" , "設計人" : "" , "監造人" : "" , "承造人" : "" , "雜項工作物" : "" , "停車空間" : "法定0輛，獎勵0輛，自設0輛" , "發照日期" : "年月日" , "實際開工日期" : "年月日" , "竣工日期" : "年月日" , "qtime" : "" , "樓層概要" : [ ] , "地號" : [ ] , "門牌" : [ ] , "縣市別" : "桃園市"} , { "_id" : { "$oid" : "606f5e0affa847b759c888b0"} , "執照類別" : "使用執照" , "核發執照字號" : "(72)桃縣建管使字第01024號" , "原領執照字號" : "" , "變更設計次數" : "00" , "基地面積" : "0㎡" , "建築面積" : "0㎡" , "總樓地板面積" : "0㎡" , "建築物高度" : "0ｍ" , "地下避難面積" : "0㎡" , "法定空地面積" : "0㎡" , "建造類別" : "" , "構造別" : "" , "地上層數" : "0層" , "地下層數" : "0層" , "棟數" : "0棟" , "戶數" : "0戶" , "起造人代表人" : "" , "設計人" : "" , "監造人" : "" , "承造人" : "" , "雜項工作物" : "" , "停車空間" : "法定0輛，獎勵0輛，自設0輛" , "發照日期" : "年月日" , "實際開工日期" : "年月日" , "竣工日期" : "年月日" , "qtime" : "" , "樓層概要" : [ ] , "地號" : [ ] , "門牌" : [ ] , "縣市別" : "桃園市"} , { "_id" : { "$oid" : "606f5e0affa847b759c888b1"} , "執照類別" : "使用執照" , "核發執照字號" : "(72)桃縣建管使字第01025號" , "原領執照字號" : "" , "變更設計次數" : "00" , "基地面積" : "0㎡" , "建築面積" : "0㎡" , "總樓地板面積" : "0㎡" , "建築物高度" : "0ｍ" , "地下避難面積" : "0㎡" , "法定空地面積" : "0㎡" , "建造類別" : "" , "構造別" : "" , "地上層數" : "0層" , "地下層數" : "0層" , "棟數" : "0棟" , "戶數" : "0戶" , "起造人代表人" : "" , "設計人" : "" , "監造人" : "" , "承造人" : "" , "雜項工作物" : "" , "停車空間" : "法定0輛，獎勵0輛，自設0輛" , "發照日期" : "年月日" , "實際開工日期" : "年月日" , "竣工日期" : "年月日" , "qtime" : "" , "樓層概要" : [ ] , "地號" : [ ] , "門牌" : [ ] , "縣市別" : "桃園市"} , { "_id" : { "$oid" : "606f5e0affa847b759c888b2"} , "執照類別" : "使用執照" , "核發執照字號" : "(72)桃縣建管使字第01026號" , "原領執照字號" : "" , "變更設計次數" : "00" , "基地面積" : "0㎡" , "建築面積" : "0㎡" , "總樓地板面積" : "0㎡" , "建築物高度" : "0ｍ" , "地下避難面積" : "0㎡" , "法定空地面積" : "0㎡" , "建造類別" : "" , "構造別" : "" , "地上層數" : "0層" , "地下層數" : "0層" , "棟數" : "0棟" , "戶數" : "0戶" , "起造人代表人" : "" , "設計人" : "" , "監造人" : "" , "承造人" : "" , "雜項工作物" : "" , "停車空間" : "法定0輛，獎勵0輛，自設0輛" , "發照日期" : "年月日" , "實際開工日期" : "年月日" , "竣工日期" : "年月日" , "qtime" : "" , "樓層概要" : [ ] , "地號" : [ ] , "門牌" : [ ] , "縣市別" : "桃園市"} , { "_id" : { "$oid" : "606f5e0affa847b759c888b3"} , "執照類別" : "使用執照" , "核發執照字號" : "(72)桃縣建管使字第01027號" , "原領執照字號" : "" , "變更設計次數" : "00" , "基地面積" : "0㎡" , "建築面積" : "0㎡" , "總樓地板面積" : "0㎡" , "建築物高度" : "0ｍ" , "地下避難面積" : "0㎡" , "法定空地面積" : "0㎡" , "建造類別" : "" , "構造別" : "" , "地上層數" : "0層" , "地下層數" : "0層" , "棟數" : "0棟" , "戶數" : "0戶" , "起造人代表人" : "" , "設計人" : "" , "監造人" : "" , "承造人" : "" , "雜項工作物" : "" , "停車空間" : "法定0輛，獎勵0輛，自設0輛" , "發照日期" : "年月日" , "實際開工日期" : "年月日" , "竣工日期" : "年月日" , "qtime" : "" , "樓層概要" : [ ] , "地號" : [ ] , "門牌" : [ ] , "縣市別" : "桃園市"} , { "_id" : { "$oid" : "606f5e0affa847b759c888b4"} , "執照類別" : "使用執照" , "核發執照字號" : "(72)桃縣建管使字第01028號" , "原領執照字號" : "" , "變更設計次數" : "00" , "基地面積" : "0㎡" , "建築面積" : "0㎡" , "總樓地板面積" : "0㎡" , "建築物高度" : "0ｍ" , "地下避難面積" : "0㎡" , "法定空地面積" : "0㎡" , "建造類別" : "" , "構造別" : "" , "地上層數" : "0層" , "地下層數" : "0層" , "棟數" : "0棟" , "戶數" : "0戶" , "起造人代表人" : "" , "設計人" : "" , "監造人" : "" , "承造人" : "" , "雜項工作物" : "" , "停車空間" : "法定0輛，獎勵0輛，自設0輛" , "發照日期" : "年月日" , "實際開工日期" : "年月日" , "竣工日期" : "年月日" , "qtime" : "" , "樓層概要" : [ ] , "地號" : [ ] , "門牌" : [ ] , "縣市別" : "桃園市"} , { "_id" : { "$oid" : "606f5e0affa847b759c888b5"} , "執照類別" : "使用執照" , "核發執照字號" : "(72)桃縣建管使字第01029號" , "原領執照字號" : "" , "變更設計次數" : "00" , "基地面積" : "0㎡" , "建築面積" : "0㎡" , "總樓地板面積" : "0㎡" , "建築物高度" : "0ｍ" , "地下避難面積" : "0㎡" , "法定空地面積" : "0㎡" , "建造類別" : "" , "構造別" : "" , "地上層數" : "0層" , "地下層數" : "0層" , "棟數" : "0棟" , "戶數" : "0戶" , "起造人代表人" : "" , "設計人" : "" , "監造人" : "" , "承造人" : "" , "雜項工作物" : "" , "停車空間" : "法定0輛，獎勵0輛，自設0輛" , "發照日期" : "年月日" , "實際開工日期" : "年月日" , "竣工日期" : "年月日" , "qtime" : "" , "樓層概要" : [ ] , "地號" : [ ] , "門牌" : [ ] , "縣市別" : "桃園市"} , { "_id" : { "$oid" : "606f5e0affa847b759c888b6"} , "執照類別" : "使用執照" , "核發執照字號" : "(72)桃縣建管使字第01031號" , "原領執照字號" : "" , "變更設計次數" : "00" , "基地面積" : "0㎡" , "建築面積" : "0㎡" , "總樓地板面積" : "0㎡" , "建築物高度" : "0ｍ" , "地下避難面積" : "0㎡" , "法定空地面積" : "0㎡" , "建造類別" : "" , "構造別" : "" , "地上層數" : "0層" , "地下層數" : "0層" , "棟數" : "0棟" , "戶數" : "0戶" , "起造人代表人" : "" , "設計人" : "" , "監造人" : "" , "承造人" : "" , "雜項工作物" : "" , "停車空間" : "法定0輛，獎勵0輛，自設0輛" , "發照日期" : "年月日" , "實際開工日期" : "年月日" , "竣工日期" : "年月日" , "qtime" : "" , "樓層概要" : [ ] , "地號" : [ ] , "門牌" : [ ] , "縣市別" : "桃園市"} , { "_id" : { "$oid" : "606f5e0affa847b759c888b7"} , "執照類別" : "使用執照" , "核發執照字號" : "(72)桃縣建管使字第01033號" , "原領執照字號" : "" , "變更設計次數" : "00" , "基地面積" : "0㎡" , "建築面積" : "0㎡" , "總樓地板面積" : "0㎡" , "建築物高度" : "0ｍ" , "地下避難面積" : "0㎡" , "法定空地面積" : "0㎡" , "建造類別" : "" , "構造別" : "" , "地上層數" : "0層" , "地下層數" : "0層" , "棟數" : "0棟" , "戶數" : "0戶" , "起造人代表人" : "" , "設計人" : "" , "監造人" : "" , "承造人" : "" , "雜項工作物" : "" , "停車空間" : "法定0輛，獎勵0輛，自設0輛" , "發照日期" : "年月日" , "實際開工日期" : "年月日" , "竣工日期" : "年月日" , "qtime" : "" , "樓層概要" : [ ] , "地號" : [ ] , "門牌" : [ ] , "縣市別" : "桃園市"} , { "_id" : { "$oid" : "606f5e0affa847b759c888b8"} , "執照類別" : "使用執照" , "核發執照字號" : "(72)桃縣建管使字第01034號" , "原領執照字號" : "" , "變更設計次數" : "00" , "基地面積" : "0㎡" , "建築面積" : "0㎡" , "總樓地板面積" : "0㎡" , "建築物高度" : "0ｍ" , "地下避難面積" : "0㎡" , "法定空地面積" : "0㎡" , "建造類別" : "" , "構造別" : "" , "地上層數" : "0層" , "地下層數" : "0層" , "棟數" : "0棟" , "戶數" : "0戶" , "起造人代表人" : "" , "設計人" : "" , "監造人" : "" , "承造人" : "" , "雜項工作物" : "" , "停車空間" : "法定0輛，獎勵0輛，自設0輛" , "發照日期" : "年月日" , "實際開工日期" : "年月日" , "竣工日期" : "年月日" , "qtime" : "" , "樓層概要" : [ ] , "地號" : [ ] , "門牌" : [ ] , "縣市別" : "桃園市"} , { "_id" : { "$oid" : "606f5e0affa847b759c888b9"} , "執照類別" : "使用執照" , "核發執照字號" : "(72)桃縣建管使字第01039號" , "原領執照字號" : "" , "變更設計次數" : "00" , "基地面積" : "0㎡" , "建築面積" : "0㎡" , "總樓地板面積" : "0㎡" , "建築物高度" : "0ｍ" , "地下避難面積" : "0㎡" , "法定空地面積" : "0㎡" , "建造類別" : "" , "構造別" : "" , "地上層數" : "0層" , "地下層數" : "0層" , "棟數" : "0棟" , "戶數" : "0戶" , "起造人代表人" : "" , "設計人" : "" , "監造人" : "" , "承造人" : "" , "雜項工作物" : "" , "停車空間" : "法定0輛，獎勵0輛，自設0輛" , "發照日期" : "年月日" , "實際開工日期" : "年月日" , "竣工日期" : "年月日" , "qtime" : "" , "樓層概要" : [ ] , "地號" : [ ] , "門牌" : [ ] , "縣市別" : "桃園市"} , { "_id" : { "$oid" : "606f5e0affa847b759c888ba"} , "執照類別" : "使用執照" , "核發執照字號" : "(72)桃縣建管使字第01040號" , "原領執照字號" : "" , "變更設計次數" : "00" , "基地面積" : "0㎡" , "建築面積" : "0㎡" , "總樓地板面積" : "0㎡" , "建築物高度" : "0ｍ" , "地下避難面積" : "0㎡" , "法定空地面積" : "0㎡" , "建造類別" : "" , "構造別" : "" , "地上層數" : "0層" , "地下層數" : "0層" , "棟數" : "0棟" , "戶數" : "0戶" , "起造人代表人" : "" , "設計人" : "" , "監造人" : "" , "承造人" : "" , "雜項工作物" : "" , "停車空間" : "法定0輛，獎勵0輛，自設0輛" , "發照日期" : "年月日" , "實際開工日期" : "年月日" , "竣工日期" : "年月日" , "qtime" : "" , "樓層概要" : [ ] , "地號" : [ ] , "門牌" : [ ] , "縣市別" : "桃園市"} , { "_id" : { "$oid" : "606f5e0affa847b759c888bb"} , "執照類別" : "使用執照" , "核發執照字號" : "(72)桃縣建管使字第01041號" , "原領執照字號" : "" , "變更設計次數" : "00" , "基地面積" : "0㎡" , "建築面積" : "0㎡" , "總樓地板面積" : "0㎡" , "建築物高度" : "0ｍ" , "地下避難面積" : "0㎡" , "法定空地面積" : "0㎡" , "建造類別" : "" , "構造別" : "" , "地上層數" : "0層" , "地下層數" : "0層" , "棟數" : "0棟" , "戶數" : "0戶" , "起造人代表人" : "" , "設計人" : "" , "監造人" : "" , "承造人" : "" , "雜項工作物" : "" , "停車空間" : "法定0輛，獎勵0輛，自設0輛" , "發照日期" : "年月日" , "實際開工日期" : "年月日" , "竣工日期" : "年月日" , "qtime" : "" , "樓層概要" : [ ] , "地號" : [ ] , "門牌" : [ ] , "縣市別" : "桃園市"} , { "_id" : { "$oid" : "606f5e0affa847b759c888bc"} , "執照類別" : "使用執照" , "核發執照字號" : "(72)桃縣建管使字第01042號" , "原領執照字號" : "" , "變更設計次數" : "00" , "基地面積" : "0㎡" , "建築面積" : "0㎡" , "總樓地板面積" : "0㎡" , "建築物高度" : "0ｍ" , "地下避難面積" : "0㎡" , "法定空地面積" : "0㎡" , "建造類別" : "" , "構造別" : "" , "地上層數" : "0層" , "地下層數" : "0層" , "棟數" : "0棟" , "戶數" : "0戶" , "起造人代表人" : "" , "設計人" : "" , "監造人" : "" , "承造人" : "" , "雜項工作物" : "" , "停車空間" : "法定0輛，獎勵0輛，自設0輛" , "發照日期" : "年月日" , "實際開工日期" : "年月日" , "竣工日期" : "年月日" , "qtime" : "" , "樓層概要" : [ ] , "地號" : [ ] , "門牌" : [ ] , "縣市別" : "桃園市"} , { "_id" : { "$oid" : "606f5e0affa847b759c888bd"} , "執照類別" : "使用執照" , "核發執照字號" : "(72)桃縣建管使字第01043號" , "原領執照字號" : "" , "變更設計次數" : "00" , "基地面積" : "0㎡" , "建築面積" : "0㎡" , "總樓地板面積" : "0㎡" , "建築物高度" : "0ｍ" , "地下避難面積" : "0㎡" , "法定空地面積" : "0㎡" , "建造類別" : "" , "構造別" : "" , "地上層數" : "0層" , "地下層數" : "0層" , "棟數" : "0棟" , "戶數" : "0戶" , "起造人代表人" : "" , "設計人" : "" , "監造人" : "" , "承造人" : "" , "雜項工作物" : "" , "停車空間" : "法定0輛，獎勵0輛，自設0輛" , "發照日期" : "年月日" , "實際開工日期" : "年月日" , "竣工日期" : "年月日" , "qtime" : "" , "樓層概要" : [ ] , "地號" : [ ] , "門牌" : [ ] , "縣市別" : "桃園市"} , { "_id" : { "$oid" : "606f5e0affa847b759c888be"} , "執照類別" : "使用執照" , "核發執照字號" : "(72)桃縣建管使字第01045號" , "原領執照字號" : "" , "變更設計次數" : "00" , "基地面積" : "0㎡" , "建築面積" : "0㎡" , "總樓地板面積" : "0㎡" , "建築物高度" : "0ｍ" , "地下避難面積" : "0㎡" , "法定空地面積" : "0㎡" , "建造類別" : "" , "構造別" : "" , "地上層數" : "0層" , "地下層數" : "0層" , "棟數" : "0棟" , "戶數" : "0戶" , "起造人代表人" : "" , "設計人" : "" , "監造人" : "" , "承造人" : "" , "雜項工作物" : "" , "停車空間" : "法定0輛，獎勵0輛，自設0輛" , "發照日期" : "年月日" , "實際開工日期" : "年月日" , "竣工日期" : "年月日" , "qtime" : "" , "樓層概要" : [ ] , "地號" : [ ] , "門牌" : [ ] , "縣市別" : "桃園市"} , { "_id" : { "$oid" : "606f5e0affa847b759c888bf"} , "執照類別" : "使用執照" , "核發執照字號" : "(72)桃縣建管使字第01046號" , "原領執照字號" : "" , "變更設計次數" : "00" , "基地面積" : "0㎡" , "建築面積" : "0㎡" , "總樓地板面積" : "0㎡" , "建築物高度" : "0ｍ" , "地下避難面積" : "0㎡" , "法定空地面積" : "0㎡" , "建造類別" : "" , "構造別" : "" , "地上層數" : "0層" , "地下層數" : "0層" , "棟數" : "0棟" , "戶數" : "0戶" , "起造人代表人" : "" , "設計人" : "" , "監造人" : "" , "承造人" : "" , "雜項工作物" : "" , "停車空間" : "法定0輛，獎勵0輛，自設0輛" , "發照日期" : "年月日" , "實際開工日期" : "年月日" , "竣工日期" : "年月日" , "qtime" : "" , "樓層概要" : [ ] , "地號" : [ ] , "門牌" : [ ] , "縣市別" : "桃園市"} , { "_id" : { "$oid" : "606f5e0affa847b759c888c0"} , "執照類別" : "使用執照" , "核發執照字號" : "(72)桃縣建管使字第01047號" , "原領執照字號" : "" , "變更設計次數" : "00" , "基地面積" : "0㎡" , "建築面積" : "0㎡" , "總樓地板面積" : "0㎡" , "建築物高度" : "0ｍ" , "地下避難面積" : "0㎡" , "法定空地面積" : "0㎡" , "建造類別" : "" , "構造別" : "" , "地上層數" : "0層" , "地下層數" : "0層" , "棟數" : "0棟" , "戶數" : "0戶" , "起造人代表人" : "" , "設計人" : "" , "監造人" : "" , "承造人" : "" , "雜項工作物" : "" , "停車空間" : "法定0輛，獎勵0輛，自設0輛" , "發照日期" : "年月日" , "實際開工日期" : "年月日" , "竣工日期" : "年月日" , "qtime" : "" , "樓層概要" : [ ] , "地號" : [ ] , "門牌" : [ ] , "縣市別" : "桃園市"} , { "_id" : { "$oid" : "606f5e0affa847b759c888c1"} , "執照類別" : "使用執照" , "核發執照字號" : "(72)桃縣建管使字第01048號" , "原領執照字號" : "" , "變更設計次數" : "00" , "基地面積" : "0㎡" , "建築面積" : "0㎡" , "總樓地板面積" : "0㎡" , "建築物高度" : "0ｍ" , "地下避難面積" : "0㎡" , "法定空地面積" : "0㎡" , "建造類別" : "" , "構造別" : "" , "地上層數" : "0層" , "地下層數" : "0層" , "棟數" : "0棟" , "戶數" : "0戶" , "起造人代表人" : "" , "設計人" : "" , "監造人" : "" , "承造人" : "" , "雜項工作物" : "" , "停車空間" : "法定0輛，獎勵0輛，自設0輛" , "發照日期" : "年月日" , "實際開工日期" : "年月日" , "竣工日期" : "年月日" , "qtime" : "" , "樓層概要" : [ ] , "地號" : [ ] , "門牌" : [ ] , "縣市別" : "桃園市"} , { "_id" : { "$oid" : "606f5e0affa847b759c888c2"} , "執照類別" : "使用執照" , "核發執照字號" : "(72)桃縣建管使字第01050號" , "原領執照字號" : "" , "變更設計次數" : "00" , "基地面積" : "0㎡" , "建築面積" : "0㎡" , "總樓地板面積" : "0㎡" , "建築物高度" : "0ｍ" , "地下避難面積" : "0㎡" , "法定空地面積" : "0㎡" , "建造類別" : "" , "構造別" : "" , "地上層數" : "0層" , "地下層數" : "0層" , "棟數" : "0棟" , "戶數" : "0戶" , "起造人代表人" : "" , "設計人" : "" , "監造人" : "" , "承造人" : "" , "雜項工作物" : "" , "停車空間" : "法定0輛，獎勵0輛，自設0輛" , "發照日期" : "年月日" , "實際開工日期" : "年月日" , "竣工日期" : "年月日" , "qtime" : "" , "樓層概要" : [ ] , "地號" : [ ] , "門牌" : [ ] , "縣市別" : "桃園市"}]} 