{"data":[ { "_id" : { "$oid" : "606f5df7ffa847b759c84b6e"} , "執照類別" : "使用執照" , "核發執照字號" : "(69)桃縣工建使字第00706號" , "原領執照字號" : "" , "變更設計次數" : "00" , "基地面積" : "0㎡" , "建築面積" : "0㎡" , "總樓地板面積" : "0㎡" , "建築物高度" : "0ｍ" , "地下避難面積" : "0㎡" , "法定空地面積" : "0㎡" , "建造類別" : "" , "構造別" : "" , "地上層數" : "0層" , "地下層數" : "0層" , "棟數" : "0棟" , "戶數" : "0戶" , "起造人代表人" : "" , "設計人" : "" , "監造人" : "" , "承造人" : "" , "雜項工作物" : "" , "停車空間" : "法定0輛，獎勵0輛，自設0輛" , "發照日期" : "年月日" , "實際開工日期" : "年月日" , "竣工日期" : "年月日" , "qtime" : "" , "樓層概要" : [ ] , "地號" : [ ] , "門牌" : [ ] , "縣市別" : "桃園市"} , { "_id" : { "$oid" : "606f5df7ffa847b759c84b6f"} , "執照類別" : "使用執照" , "核發執照字號" : "(69)桃縣工建使字第00708號" , "原領執照字號" : "" , "變更設計次數" : "00" , "基地面積" : "0㎡" , "建築面積" : "0㎡" , "總樓地板面積" : "0㎡" , "建築物高度" : "0ｍ" , "地下避難面積" : "0㎡" , "法定空地面積" : "0㎡" , "建造類別" : "" , "構造別" : "" , "地上層數" : "0層" , "地下層數" : "0層" , "棟數" : "0棟" , "戶數" : "0戶" , "起造人代表人" : "" , "設計人" : "" , "監造人" : "" , "承造人" : "" , "雜項工作物" : "" , "停車空間" : "法定0輛，獎勵0輛，自設0輛" , "發照日期" : "年月日" , "實際開工日期" : "年月日" , "竣工日期" : "年月日" , "qtime" : "" , "樓層概要" : [ ] , "地號" : [ ] , "門牌" : [ ] , "縣市別" : "桃園市"} , { "_id" : { "$oid" : "606f5df7ffa847b759c84b70"} , "執照類別" : "使用執照" , "核發執照字號" : "(69)桃縣工建使字第00710號" , "原領執照字號" : "" , "變更設計次數" : "00" , "基地面積" : "0㎡" , "建築面積" : "0㎡" , "總樓地板面積" : "0㎡" , "建築物高度" : "0ｍ" , "地下避難面積" : "0㎡" , "法定空地面積" : "0㎡" , "建造類別" : "" , "構造別" : "" , "地上層數" : "0層" , "地下層數" : "0層" , "棟數" : "0棟" , "戶數" : "0戶" , "起造人代表人" : "" , "設計人" : "" , "監造人" : "" , "承造人" : "" , "雜項工作物" : "" , "停車空間" : "法定0輛，獎勵0輛，自設0輛" , "發照日期" : "年月日" , "實際開工日期" : "年月日" , "竣工日期" : "年月日" , "qtime" : "" , "樓層概要" : [ ] , "地號" : [ ] , "門牌" : [ ] , "縣市別" : "桃園市"} , { "_id" : { "$oid" : "606f5df7ffa847b759c84b71"} , "執照類別" : "使用執照" , "核發執照字號" : "(69)桃縣工建使字第00714號" , "原領執照字號" : "" , "變更設計次數" : "00" , "基地面積" : "0㎡" , "建築面積" : "0㎡" , "總樓地板面積" : "0㎡" , "建築物高度" : "0ｍ" , "地下避難面積" : "0㎡" , "法定空地面積" : "0㎡" , "建造類別" : "" , "構造別" : "" , "地上層數" : "0層" , "地下層數" : "0層" , "棟數" : "0棟" , "戶數" : "0戶" , "起造人代表人" : "" , "設計人" : "" , "監造人" : "" , "承造人" : "" , "雜項工作物" : "" , "停車空間" : "法定0輛，獎勵0輛，自設0輛" , "發照日期" : "年月日" , "實際開工日期" : "年月日" , "竣工日期" : "年月日" , "qtime" : "" , "樓層概要" : [ ] , "地號" : [ ] , "門牌" : [ ] , "縣市別" : "桃園市"} , { "_id" : { "$oid" : "606f5df7ffa847b759c84b72"} , "執照類別" : "使用執照" , "核發執照字號" : "(69)桃縣工建使字第00715號" , "原領執照字號" : "" , "變更設計次數" : "00" , "基地面積" : "0㎡" , "建築面積" : "0㎡" , "總樓地板面積" : "0㎡" , "建築物高度" : "0ｍ" , "地下避難面積" : "0㎡" , "法定空地面積" : "0㎡" , "建造類別" : "" , "構造別" : "" , "地上層數" : "0層" , "地下層數" : "0層" , "棟數" : "0棟" , "戶數" : "0戶" , "起造人代表人" : "" , "設計人" : "" , "監造人" : "" , "承造人" : "" , "雜項工作物" : "" , "停車空間" : "法定0輛，獎勵0輛，自設0輛" , "發照日期" : "年月日" , "實際開工日期" : "年月日" , "竣工日期" : "年月日" , "qtime" : "" , "樓層概要" : [ ] , "地號" : [ ] , "門牌" : [ ] , "縣市別" : "桃園市"} , { "_id" : { "$oid" : "606f5df7ffa847b759c84b73"} , "執照類別" : "使用執照" , "核發執照字號" : "(69)桃縣工建使字第00716號" , "原領執照字號" : "" , "變更設計次數" : "00" , "基地面積" : "0㎡" , "建築面積" : "0㎡" , "總樓地板面積" : "0㎡" , "建築物高度" : "0ｍ" , "地下避難面積" : "0㎡" , "法定空地面積" : "0㎡" , "建造類別" : "" , "構造別" : "" , "地上層數" : "0層" , "地下層數" : "0層" , "棟數" : "0棟" , "戶數" : "0戶" , "起造人代表人" : "" , "設計人" : "" , "監造人" : "" , "承造人" : "" , "雜項工作物" : "" , "停車空間" : "法定0輛，獎勵0輛，自設0輛" , "發照日期" : "年月日" , "實際開工日期" : "年月日" , "竣工日期" : "年月日" , "qtime" : "" , "樓層概要" : [ ] , "地號" : [ ] , "門牌" : [ ] , "縣市別" : "桃園市"} , { "_id" : { "$oid" : "606f5df7ffa847b759c84b74"} , "執照類別" : "使用執照" , "核發執照字號" : "(69)桃縣工建使字第00720號" , "原領執照字號" : "" , "變更設計次數" : "00" , "基地面積" : "0㎡" , "建築面積" : "0㎡" , "總樓地板面積" : "0㎡" , "建築物高度" : "0ｍ" , "地下避難面積" : "0㎡" , "法定空地面積" : "0㎡" , "建造類別" : "" , "構造別" : "" , "地上層數" : "0層" , "地下層數" : "0層" , "棟數" : "0棟" , "戶數" : "0戶" , "起造人代表人" : "" , "設計人" : "" , "監造人" : "" , "承造人" : "" , "雜項工作物" : "" , "停車空間" : "法定0輛，獎勵0輛，自設0輛" , "發照日期" : "年月日" , "實際開工日期" : "年月日" , "竣工日期" : "年月日" , "qtime" : "" , "樓層概要" : [ ] , "地號" : [ ] , "門牌" : [ ] , "縣市別" : "桃園市"} , { "_id" : { "$oid" : "606f5df7ffa847b759c84b75"} , "執照類別" : "使用執照" , "核發執照字號" : "(69)桃縣工建使字第00730號" , "原領執照字號" : "" , "變更設計次數" : "00" , "基地面積" : "0㎡" , "建築面積" : "0㎡" , "總樓地板面積" : "0㎡" , "建築物高度" : "0ｍ" , "地下避難面積" : "0㎡" , "法定空地面積" : "0㎡" , "建造類別" : "" , "構造別" : "" , "地上層數" : "0層" , "地下層數" : "0層" , "棟數" : "0棟" , "戶數" : "0戶" , "起造人代表人" : "" , "設計人" : "" , "監造人" : "" , "承造人" : "" , "雜項工作物" : "" , "停車空間" : "法定0輛，獎勵0輛，自設0輛" , "發照日期" : "年月日" , "實際開工日期" : "年月日" , "竣工日期" : "年月日" , "qtime" : "" , "樓層概要" : [ ] , "地號" : [ ] , "門牌" : [ ] , "縣市別" : "桃園市"} , { "_id" : { "$oid" : "606f5df7ffa847b759c84b76"} , "執照類別" : "使用執照" , "核發執照字號" : "(69)桃縣工建使字第00731號" , "原領執照字號" : "" , "變更設計次數" : "00" , "基地面積" : "0㎡" , "建築面積" : "0㎡" , "總樓地板面積" : "0㎡" , "建築物高度" : "0ｍ" , "地下避難面積" : "0㎡" , "法定空地面積" : "0㎡" , "建造類別" : "" , "構造別" : "" , "地上層數" : "0層" , "地下層數" : "0層" , "棟數" : "0棟" , "戶數" : "0戶" , "起造人代表人" : "" , "設計人" : "" , "監造人" : "" , "承造人" : "" , "雜項工作物" : "" , "停車空間" : "法定0輛，獎勵0輛，自設0輛" , "發照日期" : "年月日" , "實際開工日期" : "年月日" , "竣工日期" : "年月日" , "qtime" : "" , "樓層概要" : [ ] , "地號" : [ ] , "門牌" : [ ] , "縣市別" : "桃園市"} , { "_id" : { "$oid" : "606f5df7ffa847b759c84b77"} , "執照類別" : "使用執照" , "核發執照字號" : "(69)桃縣工建使字第00733號" , "原領執照字號" : "" , "變更設計次數" : "00" , "基地面積" : "0㎡" , "建築面積" : "0㎡" , "總樓地板面積" : "0㎡" , "建築物高度" : "0ｍ" , "地下避難面積" : "0㎡" , "法定空地面積" : "0㎡" , "建造類別" : "" , "構造別" : "" , "地上層數" : "0層" , "地下層數" : "0層" , "棟數" : "0棟" , "戶數" : "0戶" , "起造人代表人" : "" , "設計人" : "" , "監造人" : "" , "承造人" : "" , "雜項工作物" : "" , "停車空間" : "法定0輛，獎勵0輛，自設0輛" , "發照日期" : "年月日" , "實際開工日期" : "年月日" , "竣工日期" : "年月日" , "qtime" : "" , "樓層概要" : [ ] , "地號" : [ ] , "門牌" : [ ] , "縣市別" : "桃園市"} , { "_id" : { "$oid" : "606f5df7ffa847b759c84b78"} , "執照類別" : "使用執照" , "核發執照字號" : "(69)桃縣工建使字第00734號" , "原領執照字號" : "" , "變更設計次數" : "00" , "基地面積" : "0㎡" , "建築面積" : "0㎡" , "總樓地板面積" : "0㎡" , "建築物高度" : "0ｍ" , "地下避難面積" : "0㎡" , "法定空地面積" : "0㎡" , "建造類別" : "" , "構造別" : "" , "地上層數" : "0層" , "地下層數" : "0層" , "棟數" : "0棟" , "戶數" : "0戶" , "起造人代表人" : "" , "設計人" : "" , "監造人" : "" , "承造人" : "" , "雜項工作物" : "" , "停車空間" : "法定0輛，獎勵0輛，自設0輛" , "發照日期" : "年月日" , "實際開工日期" : "年月日" , "竣工日期" : "年月日" , "qtime" : "" , "樓層概要" : [ ] , "地號" : [ ] , "門牌" : [ ] , "縣市別" : "桃園市"} , { "_id" : { "$oid" : "606f5df7ffa847b759c84b79"} , "執照類別" : "使用執照" , "核發執照字號" : "(69)桃縣工建使字第00735號" , "原領執照字號" : "" , "變更設計次數" : "00" , "基地面積" : "0㎡" , "建築面積" : "0㎡" , "總樓地板面積" : "0㎡" , "建築物高度" : "0ｍ" , "地下避難面積" : "0㎡" , "法定空地面積" : "0㎡" , "建造類別" : "" , "構造別" : "" , "地上層數" : "0層" , "地下層數" : "0層" , "棟數" : "0棟" , "戶數" : "0戶" , "起造人代表人" : "" , "設計人" : "" , "監造人" : "" , "承造人" : "" , "雜項工作物" : "" , "停車空間" : "法定0輛，獎勵0輛，自設0輛" , "發照日期" : "年月日" , "實際開工日期" : "年月日" , "竣工日期" : "年月日" , "qtime" : "" , "樓層概要" : [ ] , "地號" : [ ] , "門牌" : [ ] , "縣市別" : "桃園市"} , { "_id" : { "$oid" : "606f5df7ffa847b759c84b7a"} , "執照類別" : "使用執照" , "核發執照字號" : "(69)桃縣工建使字第00736號" , "原領執照字號" : "" , "變更設計次數" : "00" , "基地面積" : "0㎡" , "建築面積" : "0㎡" , "總樓地板面積" : "0㎡" , "建築物高度" : "0ｍ" , "地下避難面積" : "0㎡" , "法定空地面積" : "0㎡" , "建造類別" : "" , "構造別" : "" , "地上層數" : "0層" , "地下層數" : "0層" , "棟數" : "0棟" , "戶數" : "0戶" , "起造人代表人" : "" , "設計人" : "" , "監造人" : "" , "承造人" : "" , "雜項工作物" : "" , "停車空間" : "法定0輛，獎勵0輛，自設0輛" , "發照日期" : "年月日" , "實際開工日期" : "年月日" , "竣工日期" : "年月日" , "qtime" : "" , "樓層概要" : [ ] , "地號" : [ ] , "門牌" : [ ] , "縣市別" : "桃園市"} , { "_id" : { "$oid" : "606f5df7ffa847b759c84b7b"} , "執照類別" : "使用執照" , "核發執照字號" : "(69)桃縣工建使字第00738號" , "原領執照字號" : "" , "變更設計次數" : "00" , "基地面積" : "0㎡" , "建築面積" : "0㎡" , "總樓地板面積" : "0㎡" , "建築物高度" : "0ｍ" , "地下避難面積" : "0㎡" , "法定空地面積" : "0㎡" , "建造類別" : "" , "構造別" : "" , "地上層數" : "0層" , "地下層數" : "0層" , "棟數" : "0棟" , "戶數" : "0戶" , "起造人代表人" : "" , "設計人" : "" , "監造人" : "" , "承造人" : "" , "雜項工作物" : "" , "停車空間" : "法定0輛，獎勵0輛，自設0輛" , "發照日期" : "年月日" , "實際開工日期" : "年月日" , "竣工日期" : "年月日" , "qtime" : "" , "樓層概要" : [ ] , "地號" : [ ] , "門牌" : [ ] , "縣市別" : "桃園市"} , { "_id" : { "$oid" : "606f5df7ffa847b759c84b7c"} , "執照類別" : "使用執照" , "核發執照字號" : "(69)桃縣工建使字第00739號" , "原領執照字號" : "" , "變更設計次數" : "00" , "基地面積" : "0㎡" , "建築面積" : "0㎡" , "總樓地板面積" : "0㎡" , "建築物高度" : "0ｍ" , "地下避難面積" : "0㎡" , "法定空地面積" : "0㎡" , "建造類別" : "" , "構造別" : "" , "地上層數" : "0層" , "地下層數" : "0層" , "棟數" : "0棟" , "戶數" : "0戶" , "起造人代表人" : "" , "設計人" : "" , "監造人" : "" , "承造人" : "" , "雜項工作物" : "" , "停車空間" : "法定0輛，獎勵0輛，自設0輛" , "發照日期" : "年月日" , "實際開工日期" : "年月日" , "竣工日期" : "年月日" , "qtime" : "" , "樓層概要" : [ ] , "地號" : [ ] , "門牌" : [ ] , "縣市別" : "桃園市"} , { "_id" : { "$oid" : "606f5df7ffa847b759c84b7d"} , "執照類別" : "使用執照" , "核發執照字號" : "(69)桃縣工建使字第00740號" , "原領執照字號" : "" , "變更設計次數" : "00" , "基地面積" : "0㎡" , "建築面積" : "0㎡" , "總樓地板面積" : "0㎡" , "建築物高度" : "0ｍ" , "地下避難面積" : "0㎡" , "法定空地面積" : "0㎡" , "建造類別" : "" , "構造別" : "" , "地上層數" : "0層" , "地下層數" : "0層" , "棟數" : "0棟" , "戶數" : "0戶" , "起造人代表人" : "" , "設計人" : "" , "監造人" : "" , "承造人" : "" , "雜項工作物" : "" , "停車空間" : "法定0輛，獎勵0輛，自設0輛" , "發照日期" : "年月日" , "實際開工日期" : "年月日" , "竣工日期" : "年月日" , "qtime" : "" , "樓層概要" : [ ] , "地號" : [ ] , "門牌" : [ ] , "縣市別" : "桃園市"} , { "_id" : { "$oid" : "606f5df7ffa847b759c84b7e"} , "執照類別" : "使用執照" , "核發執照字號" : "(69)桃縣工建使字第00741號" , "原領執照字號" : "" , "變更設計次數" : "00" , "基地面積" : "0㎡" , "建築面積" : "0㎡" , "總樓地板面積" : "0㎡" , "建築物高度" : "0ｍ" , "地下避難面積" : "0㎡" , "法定空地面積" : "0㎡" , "建造類別" : "" , "構造別" : "" , "地上層數" : "0層" , "地下層數" : "0層" , "棟數" : "0棟" , "戶數" : "0戶" , "起造人代表人" : "" , "設計人" : "" , "監造人" : "" , "承造人" : "" , "雜項工作物" : "" , "停車空間" : "法定0輛，獎勵0輛，自設0輛" , "發照日期" : "年月日" , "實際開工日期" : "年月日" , "竣工日期" : "年月日" , "qtime" : "" , "樓層概要" : [ ] , "地號" : [ ] , "門牌" : [ ] , "縣市別" : "桃園市"} , { "_id" : { "$oid" : "606f5df7ffa847b759c84b7f"} , "執照類別" : "使用執照" , "核發執照字號" : "(69)桃縣工建使字第00742號" , "原領執照字號" : "" , "變更設計次數" : "00" , "基地面積" : "0㎡" , "建築面積" : "0㎡" , "總樓地板面積" : "0㎡" , "建築物高度" : "0ｍ" , "地下避難面積" : "0㎡" , "法定空地面積" : "0㎡" , "建造類別" : "" , "構造別" : "" , "地上層數" : "0層" , "地下層數" : "0層" , "棟數" : "0棟" , "戶數" : "0戶" , "起造人代表人" : "" , "設計人" : "" , "監造人" : "" , "承造人" : "" , "雜項工作物" : "" , "停車空間" : "法定0輛，獎勵0輛，自設0輛" , "發照日期" : "年月日" , "實際開工日期" : "年月日" , "竣工日期" : "年月日" , "qtime" : "" , "樓層概要" : [ ] , "地號" : [ ] , "門牌" : [ ] , "縣市別" : "桃園市"} , { "_id" : { "$oid" : "606f5df7ffa847b759c84b80"} , "執照類別" : "使用執照" , "核發執照字號" : "(69)桃縣工建使字第00744號" , "原領執照字號" : "" , "變更設計次數" : "00" , "基地面積" : "0㎡" , "建築面積" : "0㎡" , "總樓地板面積" : "0㎡" , "建築物高度" : "0ｍ" , "地下避難面積" : "0㎡" , "法定空地面積" : "0㎡" , "建造類別" : "" , "構造別" : "" , "地上層數" : "0層" , "地下層數" : "0層" , "棟數" : "0棟" , "戶數" : "0戶" , "起造人代表人" : "" , "設計人" : "" , "監造人" : "" , "承造人" : "" , "雜項工作物" : "" , "停車空間" : "法定0輛，獎勵0輛，自設0輛" , "發照日期" : "年月日" , "實際開工日期" : "年月日" , "竣工日期" : "年月日" , "qtime" : "" , "樓層概要" : [ ] , "地號" : [ ] , "門牌" : [ ] , "縣市別" : "桃園市"} , { "_id" : { "$oid" : "606f5df7ffa847b759c84b81"} , "執照類別" : "使用執照" , "核發執照字號" : "(69)桃縣工建使字第00745號" , "原領執照字號" : "" , "變更設計次數" : "00" , "基地面積" : "0㎡" , "建築面積" : "0㎡" , "總樓地板面積" : "0㎡" , "建築物高度" : "0ｍ" , "地下避難面積" : "0㎡" , "法定空地面積" : "0㎡" , "建造類別" : "" , "構造別" : "" , "地上層數" : "0層" , "地下層數" : "0層" , "棟數" : "0棟" , "戶數" : "0戶" , "起造人代表人" : "" , "設計人" : "" , "監造人" : "" , "承造人" : "" , "雜項工作物" : "" , "停車空間" : "法定0輛，獎勵0輛，自設0輛" , "發照日期" : "年月日" , "實際開工日期" : "年月日" , "竣工日期" : "年月日" , "qtime" : "" , "樓層概要" : [ ] , "地號" : [ ] , "門牌" : [ ] , "縣市別" : "桃園市"} , { "_id" : { "$oid" : "606f5df7ffa847b759c84b82"} , "執照類別" : "使用執照" , "核發執照字號" : "(69)桃縣工建使字第00746號" , "原領執照字號" : "" , "變更設計次數" : "00" , "基地面積" : "0㎡" , "建築面積" : "0㎡" , "總樓地板面積" : "0㎡" , "建築物高度" : "0ｍ" , "地下避難面積" : "0㎡" , "法定空地面積" : "0㎡" , "建造類別" : "" , "構造別" : "" , "地上層數" : "0層" , "地下層數" : "0層" , "棟數" : "0棟" , "戶數" : "0戶" , "起造人代表人" : "" , "設計人" : "" , "監造人" : "" , "承造人" : "" , "雜項工作物" : "" , "停車空間" : "法定0輛，獎勵0輛，自設0輛" , "發照日期" : "年月日" , "實際開工日期" : "年月日" , "竣工日期" : "年月日" , "qtime" : "" , "樓層概要" : [ ] , "地號" : [ ] , "門牌" : [ ] , "縣市別" : "桃園市"} , { "_id" : { "$oid" : "606f5df7ffa847b759c84b83"} , "執照類別" : "使用執照" , "核發執照字號" : "(69)桃縣工建使字第00747號" , "原領執照字號" : "" , "變更設計次數" : "00" , "基地面積" : "0㎡" , "建築面積" : "0㎡" , "總樓地板面積" : "0㎡" , "建築物高度" : "0ｍ" , "地下避難面積" : "0㎡" , "法定空地面積" : "0㎡" , "建造類別" : "" , "構造別" : "" , "地上層數" : "0層" , "地下層數" : "0層" , "棟數" : "0棟" , "戶數" : "0戶" , "起造人代表人" : "" , "設計人" : "" , "監造人" : "" , "承造人" : "" , "雜項工作物" : "" , "停車空間" : "法定0輛，獎勵0輛，自設0輛" , "發照日期" : "年月日" , "實際開工日期" : "年月日" , "竣工日期" : "年月日" , "qtime" : "" , "樓層概要" : [ ] , "地號" : [ ] , "門牌" : [ ] , "縣市別" : "桃園市"} , { "_id" : { "$oid" : "606f5df7ffa847b759c84b84"} , "執照類別" : "使用執照" , "核發執照字號" : "(69)桃縣工建使字第00748號" , "原領執照字號" : "" , "變更設計次數" : "00" , "基地面積" : "0㎡" , "建築面積" : "0㎡" , "總樓地板面積" : "0㎡" , "建築物高度" : "0ｍ" , "地下避難面積" : "0㎡" , "法定空地面積" : "0㎡" , "建造類別" : "" , "構造別" : "" , "地上層數" : "0層" , "地下層數" : "0層" , "棟數" : "0棟" , "戶數" : "0戶" , "起造人代表人" : "" , "設計人" : "" , "監造人" : "" , "承造人" : "" , "雜項工作物" : "" , "停車空間" : "法定0輛，獎勵0輛，自設0輛" , "發照日期" : "年月日" , "實際開工日期" : "年月日" , "竣工日期" : "年月日" , "qtime" : "" , "樓層概要" : [ ] , "地號" : [ ] , "門牌" : [ ] , "縣市別" : "桃園市"} , { "_id" : { "$oid" : "606f5df7ffa847b759c84b85"} , "執照類別" : "使用執照" , "核發執照字號" : "(69)桃縣工建使字第00750號" , "原領執照字號" : "" , "變更設計次數" : "00" , "基地面積" : "0㎡" , "建築面積" : "0㎡" , "總樓地板面積" : "0㎡" , "建築物高度" : "0ｍ" , "地下避難面積" : "0㎡" , "法定空地面積" : "0㎡" , "建造類別" : "" , "構造別" : "" , "地上層數" : "0層" , "地下層數" : "0層" , "棟數" : "0棟" , "戶數" : "0戶" , "起造人代表人" : "" , "設計人" : "" , "監造人" : "" , "承造人" : "" , "雜項工作物" : "" , "停車空間" : "法定0輛，獎勵0輛，自設0輛" , "發照日期" : "年月日" , "實際開工日期" : "年月日" , "竣工日期" : "年月日" , "qtime" : "" , "樓層概要" : [ ] , "地號" : [ ] , "門牌" : [ ] , "縣市別" : "桃園市"} , { "_id" : { "$oid" : "606f5df7ffa847b759c84b86"} , "執照類別" : "使用執照" , "核發執照字號" : "(69)桃縣工建使字第00751號" , "原領執照字號" : "" , "變更設計次數" : "00" , "基地面積" : "0㎡" , "建築面積" : "0㎡" , "總樓地板面積" : "0㎡" , "建築物高度" : "0ｍ" , "地下避難面積" : "0㎡" , "法定空地面積" : "0㎡" , "建造類別" : "" , "構造別" : "" , "地上層數" : "0層" , "地下層數" : "0層" , "棟數" : "0棟" , "戶數" : "0戶" , "起造人代表人" : "" , "設計人" : "" , "監造人" : "" , "承造人" : "" , "雜項工作物" : "" , "停車空間" : "法定0輛，獎勵0輛，自設0輛" , "發照日期" : "年月日" , "實際開工日期" : "年月日" , "竣工日期" : "年月日" , "qtime" : "" , "樓層概要" : [ ] , "地號" : [ ] , "門牌" : [ ] , "縣市別" : "桃園市"} , { "_id" : { "$oid" : "606f5df7ffa847b759c84b87"} , "執照類別" : "使用執照" , "核發執照字號" : "(69)桃縣工建使字第00752號" , "原領執照字號" : "" , "變更設計次數" : "00" , "基地面積" : "0㎡" , "建築面積" : "0㎡" , "總樓地板面積" : "0㎡" , "建築物高度" : "0ｍ" , "地下避難面積" : "0㎡" , "法定空地面積" : "0㎡" , "建造類別" : "" , "構造別" : "" , "地上層數" : "0層" , "地下層數" : "0層" , "棟數" : "0棟" , "戶數" : "0戶" , "起造人代表人" : "" , "設計人" : "" , "監造人" : "" , "承造人" : "" , "雜項工作物" : "" , "停車空間" : "法定0輛，獎勵0輛，自設0輛" , "發照日期" : "年月日" , "實際開工日期" : "年月日" , "竣工日期" : "年月日" , "qtime" : "" , "樓層概要" : [ ] , "地號" : [ ] , "門牌" : [ ] , "縣市別" : "桃園市"} , { "_id" : { "$oid" : "606f5df7ffa847b759c84b88"} , "執照類別" : "使用執照" , "核發執照字號" : "(69)桃縣工建使字第00753號" , "原領執照字號" : "" , "變更設計次數" : "00" , "基地面積" : "0㎡" , "建築面積" : "0㎡" , "總樓地板面積" : "0㎡" , "建築物高度" : "0ｍ" , "地下避難面積" : "0㎡" , "法定空地面積" : "0㎡" , "建造類別" : "" , "構造別" : "" , "地上層數" : "0層" , "地下層數" : "0層" , "棟數" : "0棟" , "戶數" : "0戶" , "起造人代表人" : "" , "設計人" : "" , "監造人" : "" , "承造人" : "" , "雜項工作物" : "" , "停車空間" : "法定0輛，獎勵0輛，自設0輛" , "發照日期" : "年月日" , "實際開工日期" : "年月日" , "竣工日期" : "年月日" , "qtime" : "" , "樓層概要" : [ ] , "地號" : [ ] , "門牌" : [ ] , "縣市別" : "桃園市"} , { "_id" : { "$oid" : "606f5df7ffa847b759c84b89"} , "執照類別" : "使用執照" , "核發執照字號" : "(69)桃縣工建使字第00754號" , "原領執照字號" : "" , "變更設計次數" : "00" , "基地面積" : "0㎡" , "建築面積" : "0㎡" , "總樓地板面積" : "0㎡" , "建築物高度" : "0ｍ" , "地下避難面積" : "0㎡" , "法定空地面積" : "0㎡" , "建造類別" : "" , "構造別" : "" , "地上層數" : "0層" , "地下層數" : "0層" , "棟數" : "0棟" , "戶數" : "0戶" , "起造人代表人" : "" , "設計人" : "" , "監造人" : "" , "承造人" : "" , "雜項工作物" : "" , "停車空間" : "法定0輛，獎勵0輛，自設0輛" , "發照日期" : "年月日" , "實際開工日期" : "年月日" , "竣工日期" : "年月日" , "qtime" : "" , "樓層概要" : [ ] , "地號" : [ ] , "門牌" : [ ] , "縣市別" : "桃園市"} , { "_id" : { "$oid" : "606f5df7ffa847b759c84b8a"} , "執照類別" : "使用執照" , "核發執照字號" : "(69)桃縣工建使字第00755號" , "原領執照字號" : "" , "變更設計次數" : "00" , "基地面積" : "0㎡" , "建築面積" : "0㎡" , "總樓地板面積" : "0㎡" , "建築物高度" : "0ｍ" , "地下避難面積" : "0㎡" , "法定空地面積" : "0㎡" , "建造類別" : "" , "構造別" : "" , "地上層數" : "0層" , "地下層數" : "0層" , "棟數" : "0棟" , "戶數" : "0戶" , "起造人代表人" : "" , "設計人" : "" , "監造人" : "" , "承造人" : "" , "雜項工作物" : "" , "停車空間" : "法定0輛，獎勵0輛，自設0輛" , "發照日期" : "年月日" , "實際開工日期" : "年月日" , "竣工日期" : "年月日" , "qtime" : "" , "樓層概要" : [ ] , "地號" : [ ] , "門牌" : [ ] , "縣市別" : "桃園市"} , { "_id" : { "$oid" : "606f5df7ffa847b759c84b8b"} , "執照類別" : "使用執照" , "核發執照字號" : "(69)桃縣工建使字第00756號" , "原領執照字號" : "" , "變更設計次數" : "00" , "基地面積" : "0㎡" , "建築面積" : "0㎡" , "總樓地板面積" : "0㎡" , "建築物高度" : "0ｍ" , "地下避難面積" : "0㎡" , "法定空地面積" : "0㎡" , "建造類別" : "" , "構造別" : "" , "地上層數" : "0層" , "地下層數" : "0層" , "棟數" : "0棟" , "戶數" : "0戶" , "起造人代表人" : "" , "設計人" : "" , "監造人" : "" , "承造人" : "" , "雜項工作物" : "" , "停車空間" : "法定0輛，獎勵0輛，自設0輛" , "發照日期" : "年月日" , "實際開工日期" : "年月日" , "竣工日期" : "年月日" , "qtime" : "" , "樓層概要" : [ ] , "地號" : [ ] , "門牌" : [ ] , "縣市別" : "桃園市"} , { "_id" : { "$oid" : "606f5df7ffa847b759c84b8c"} , "執照類別" : "使用執照" , "核發執照字號" : "(69)桃縣工建使字第00757號" , "原領執照字號" : "" , "變更設計次數" : "00" , "基地面積" : "0㎡" , "建築面積" : "0㎡" , "總樓地板面積" : "0㎡" , "建築物高度" : "0ｍ" , "地下避難面積" : "0㎡" , "法定空地面積" : "0㎡" , "建造類別" : "" , "構造別" : "" , "地上層數" : "0層" , "地下層數" : "0層" , "棟數" : "0棟" , "戶數" : "0戶" , "起造人代表人" : "" , "設計人" : "" , "監造人" : "" , "承造人" : "" , "雜項工作物" : "" , "停車空間" : "法定0輛，獎勵0輛，自設0輛" , "發照日期" : "年月日" , "實際開工日期" : "年月日" , "竣工日期" : "年月日" , "qtime" : "" , "樓層概要" : [ ] , "地號" : [ ] , "門牌" : [ ] , "縣市別" : "桃園市"} , { "_id" : { "$oid" : "606f5df7ffa847b759c84b8d"} , "執照類別" : "使用執照" , "核發執照字號" : "(69)桃縣工建使字第00758號" , "原領執照字號" : "" , "變更設計次數" : "00" , "基地面積" : "0㎡" , "建築面積" : "0㎡" , "總樓地板面積" : "0㎡" , "建築物高度" : "0ｍ" , "地下避難面積" : "0㎡" , "法定空地面積" : "0㎡" , "建造類別" : "" , "構造別" : "" , "地上層數" : "0層" , "地下層數" : "0層" , "棟數" : "0棟" , "戶數" : "0戶" , "起造人代表人" : "" , "設計人" : "" , "監造人" : "" , "承造人" : "" , "雜項工作物" : "" , "停車空間" : "法定0輛，獎勵0輛，自設0輛" , "發照日期" : "年月日" , "實際開工日期" : "年月日" , "竣工日期" : "年月日" , "qtime" : "" , "樓層概要" : [ ] , "地號" : [ ] , "門牌" : [ ] , "縣市別" : "桃園市"} , { "_id" : { "$oid" : "606f5df7ffa847b759c84b8e"} , "執照類別" : "使用執照" , "核發執照字號" : "(69)桃縣工建使字第00759號" , "原領執照字號" : "" , "變更設計次數" : "00" , "基地面積" : "0㎡" , "建築面積" : "0㎡" , "總樓地板面積" : "0㎡" , "建築物高度" : "0ｍ" , "地下避難面積" : "0㎡" , "法定空地面積" : "0㎡" , "建造類別" : "" , "構造別" : "" , "地上層數" : "0層" , "地下層數" : "0層" , "棟數" : "0棟" , "戶數" : "0戶" , "起造人代表人" : "" , "設計人" : "" , "監造人" : "" , "承造人" : "" , "雜項工作物" : "" , "停車空間" : "法定0輛，獎勵0輛，自設0輛" , "發照日期" : "年月日" , "實際開工日期" : "年月日" , "竣工日期" : "年月日" , "qtime" : "" , "樓層概要" : [ ] , "地號" : [ ] , "門牌" : [ ] , "縣市別" : "桃園市"} , { "_id" : { "$oid" : "606f5df7ffa847b759c84b8f"} , "執照類別" : "使用執照" , "核發執照字號" : "(69)桃縣工建使字第00760號" , "原領執照字號" : "" , "變更設計次數" : "00" , "基地面積" : "0㎡" , "建築面積" : "0㎡" , "總樓地板面積" : "0㎡" , "建築物高度" : "0ｍ" , "地下避難面積" : "0㎡" , "法定空地面積" : "0㎡" , "建造類別" : "" , "構造別" : "" , "地上層數" : "0層" , "地下層數" : "0層" , "棟數" : "0棟" , "戶數" : "0戶" , "起造人代表人" : "" , "設計人" : "" , "監造人" : "" , "承造人" : "" , "雜項工作物" : "" , "停車空間" : "法定0輛，獎勵0輛，自設0輛" , "發照日期" : "年月日" , "實際開工日期" : "年月日" , "竣工日期" : "年月日" , "qtime" : "" , "樓層概要" : [ ] , "地號" : [ ] , "門牌" : [ ] , "縣市別" : "桃園市"} , { "_id" : { "$oid" : "606f5df7ffa847b759c84b90"} , "執照類別" : "使用執照" , "核發執照字號" : "(69)桃縣工建使字第00761號" , "原領執照字號" : "" , "變更設計次數" : "00" , "基地面積" : "0㎡" , "建築面積" : "0㎡" , "總樓地板面積" : "0㎡" , "建築物高度" : "0ｍ" , "地下避難面積" : "0㎡" , "法定空地面積" : "0㎡" , "建造類別" : "" , "構造別" : "" , "地上層數" : "0層" , "地下層數" : "0層" , "棟數" : "0棟" , "戶數" : "0戶" , "起造人代表人" : "" , "設計人" : "" , "監造人" : "" , "承造人" : "" , "雜項工作物" : "" , "停車空間" : "法定0輛，獎勵0輛，自設0輛" , "發照日期" : "年月日" , "實際開工日期" : "年月日" , "竣工日期" : "年月日" , "qtime" : "" , "樓層概要" : [ ] , "地號" : [ ] , "門牌" : [ ] , "縣市別" : "桃園市"} , { "_id" : { "$oid" : "606f5df7ffa847b759c84b91"} , "執照類別" : "使用執照" , "核發執照字號" : "(69)桃縣工建使字第00762號" , "原領執照字號" : "" , "變更設計次數" : "00" , "基地面積" : "0㎡" , "建築面積" : "0㎡" , "總樓地板面積" : "0㎡" , "建築物高度" : "0ｍ" , "地下避難面積" : "0㎡" , "法定空地面積" : "0㎡" , "建造類別" : "" , "構造別" : "" , "地上層數" : "0層" , "地下層數" : "0層" , "棟數" : "0棟" , "戶數" : "0戶" , "起造人代表人" : "" , "設計人" : "" , "監造人" : "" , "承造人" : "" , "雜項工作物" : "" , "停車空間" : "法定0輛，獎勵0輛，自設0輛" , "發照日期" : "年月日" , "實際開工日期" : "年月日" , "竣工日期" : "年月日" , "qtime" : "" , "樓層概要" : [ ] , "地號" : [ ] , "門牌" : [ ] , "縣市別" : "桃園市"} , { "_id" : { "$oid" : "606f5df7ffa847b759c84b92"} , "執照類別" : "使用執照" , "核發執照字號" : "(69)桃縣工建使字第00763號" , "原領執照字號" : "" , "變更設計次數" : "00" , "基地面積" : "0㎡" , "建築面積" : "0㎡" , "總樓地板面積" : "0㎡" , "建築物高度" : "0ｍ" , "地下避難面積" : "0㎡" , "法定空地面積" : "0㎡" , "建造類別" : "" , "構造別" : "" , "地上層數" : "0層" , "地下層數" : "0層" , "棟數" : "0棟" , "戶數" : "0戶" , "起造人代表人" : "" , "設計人" : "" , "監造人" : "" , "承造人" : "" , "雜項工作物" : "" , "停車空間" : "法定0輛，獎勵0輛，自設0輛" , "發照日期" : "年月日" , "實際開工日期" : "年月日" , "竣工日期" : "年月日" , "qtime" : "" , "樓層概要" : [ ] , "地號" : [ ] , "門牌" : [ ] , "縣市別" : "桃園市"} , { "_id" : { "$oid" : "606f5df7ffa847b759c84b93"} , "執照類別" : "使用執照" , "核發執照字號" : "(69)桃縣工建使字第00764號" , "原領執照字號" : "" , "變更設計次數" : "00" , "基地面積" : "0㎡" , "建築面積" : "0㎡" , "總樓地板面積" : "0㎡" , "建築物高度" : "0ｍ" , "地下避難面積" : "0㎡" , "法定空地面積" : "0㎡" , "建造類別" : "" , "構造別" : "" , "地上層數" : "0層" , "地下層數" : "0層" , "棟數" : "0棟" , "戶數" : "0戶" , "起造人代表人" : "" , "設計人" : "" , "監造人" : "" , "承造人" : "" , "雜項工作物" : "" , "停車空間" : "法定0輛，獎勵0輛，自設0輛" , "發照日期" : "年月日" , "實際開工日期" : "年月日" , "竣工日期" : "年月日" , "qtime" : "" , "樓層概要" : [ ] , "地號" : [ ] , "門牌" : [ ] , "縣市別" : "桃園市"} , { "_id" : { "$oid" : "606f5df7ffa847b759c84b94"} , "執照類別" : "使用執照" , "核發執照字號" : "(69)桃縣工建使字第00766號" , "原領執照字號" : "" , "變更設計次數" : "00" , "基地面積" : "0㎡" , "建築面積" : "0㎡" , "總樓地板面積" : "0㎡" , "建築物高度" : "0ｍ" , "地下避難面積" : "0㎡" , "法定空地面積" : "0㎡" , "建造類別" : "" , "構造別" : "" , "地上層數" : "0層" , "地下層數" : "0層" , "棟數" : "0棟" , "戶數" : "0戶" , "起造人代表人" : "" , "設計人" : "" , "監造人" : "" , "承造人" : "" , "雜項工作物" : "" , "停車空間" : "法定0輛，獎勵0輛，自設0輛" , "發照日期" : "年月日" , "實際開工日期" : "年月日" , "竣工日期" : "年月日" , "qtime" : "" , "樓層概要" : [ ] , "地號" : [ ] , "門牌" : [ ] , "縣市別" : "桃園市"} , { "_id" : { "$oid" : "606f5df7ffa847b759c84b95"} , "執照類別" : "使用執照" , "核發執照字號" : "(69)桃縣工建使字第00767號" , "原領執照字號" : "" , "變更設計次數" : "00" , "基地面積" : "0㎡" , "建築面積" : "0㎡" , "總樓地板面積" : "0㎡" , "建築物高度" : "0ｍ" , "地下避難面積" : "0㎡" , "法定空地面積" : "0㎡" , "建造類別" : "" , "構造別" : "" , "地上層數" : "0層" , "地下層數" : "0層" , "棟數" : "0棟" , "戶數" : "0戶" , "起造人代表人" : "" , "設計人" : "" , "監造人" : "" , "承造人" : "" , "雜項工作物" : "" , "停車空間" : "法定0輛，獎勵0輛，自設0輛" , "發照日期" : "年月日" , "實際開工日期" : "年月日" , "竣工日期" : "年月日" , "qtime" : "" , "樓層概要" : [ ] , "地號" : [ ] , "門牌" : [ ] , "縣市別" : "桃園市"} , { "_id" : { "$oid" : "606f5df7ffa847b759c84b96"} , "執照類別" : "使用執照" , "核發執照字號" : "(69)桃縣工建使字第00770號" , "原領執照字號" : "" , "變更設計次數" : "00" , "基地面積" : "0㎡" , "建築面積" : "0㎡" , "總樓地板面積" : "0㎡" , "建築物高度" : "0ｍ" , "地下避難面積" : "0㎡" , "法定空地面積" : "0㎡" , "建造類別" : "" , "構造別" : "" , "地上層數" : "0層" , "地下層數" : "0層" , "棟數" : "0棟" , "戶數" : "0戶" , "起造人代表人" : "" , "設計人" : "" , "監造人" : "" , "承造人" : "" , "雜項工作物" : "" , "停車空間" : "法定0輛，獎勵0輛，自設0輛" , "發照日期" : "年月日" , "實際開工日期" : "年月日" , "竣工日期" : "年月日" , "qtime" : "" , "樓層概要" : [ ] , "地號" : [ ] , "門牌" : [ ] , "縣市別" : "桃園市"} , { "_id" : { "$oid" : "606f5df7ffa847b759c84b97"} , "執照類別" : "使用執照" , "核發執照字號" : "(69)桃縣工建使字第00771號" , "原領執照字號" : "" , "變更設計次數" : "00" , "基地面積" : "0㎡" , "建築面積" : "0㎡" , "總樓地板面積" : "0㎡" , "建築物高度" : "0ｍ" , "地下避難面積" : "0㎡" , "法定空地面積" : "0㎡" , "建造類別" : "" , "構造別" : "" , "地上層數" : "0層" , "地下層數" : "0層" , "棟數" : "0棟" , "戶數" : "0戶" , "起造人代表人" : "" , "設計人" : "" , "監造人" : "" , "承造人" : "" , "雜項工作物" : "" , "停車空間" : "法定0輛，獎勵0輛，自設0輛" , "發照日期" : "年月日" , "實際開工日期" : "年月日" , "竣工日期" : "年月日" , "qtime" : "" , "樓層概要" : [ ] , "地號" : [ ] , "門牌" : [ ] , "縣市別" : "桃園市"} , { "_id" : { "$oid" : "606f5df7ffa847b759c84b98"} , "執照類別" : "使用執照" , "核發執照字號" : "(69)桃縣工建使字第00773號" , "原領執照字號" : "" , "變更設計次數" : "00" , "基地面積" : "0㎡" , "建築面積" : "0㎡" , "總樓地板面積" : "0㎡" , "建築物高度" : "0ｍ" , "地下避難面積" : "0㎡" , "法定空地面積" : "0㎡" , "建造類別" : "" , "構造別" : "" , "地上層數" : "0層" , "地下層數" : "0層" , "棟數" : "0棟" , "戶數" : "0戶" , "起造人代表人" : "" , "設計人" : "" , "監造人" : "" , "承造人" : "" , "雜項工作物" : "" , "停車空間" : "法定0輛，獎勵0輛，自設0輛" , "發照日期" : "年月日" , "實際開工日期" : "年月日" , "竣工日期" : "年月日" , "qtime" : "" , "樓層概要" : [ ] , "地號" : [ ] , "門牌" : [ ] , "縣市別" : "桃園市"} , { "_id" : { "$oid" : "606f5df7ffa847b759c84b99"} , "執照類別" : "使用執照" , "核發執照字號" : "(69)桃縣工建使字第00777號" , "原領執照字號" : "" , "變更設計次數" : "00" , "基地面積" : "0㎡" , "建築面積" : "0㎡" , "總樓地板面積" : "0㎡" , "建築物高度" : "0ｍ" , "地下避難面積" : "0㎡" , "法定空地面積" : "0㎡" , "建造類別" : "" , "構造別" : "" , "地上層數" : "0層" , "地下層數" : "0層" , "棟數" : "0棟" , "戶數" : "0戶" , "起造人代表人" : "" , "設計人" : "" , "監造人" : "" , "承造人" : "" , "雜項工作物" : "" , "停車空間" : "法定0輛，獎勵0輛，自設0輛" , "發照日期" : "年月日" , "實際開工日期" : "年月日" , "竣工日期" : "年月日" , "qtime" : "" , "樓層概要" : [ ] , "地號" : [ ] , "門牌" : [ ] , "縣市別" : "桃園市"} , { "_id" : { "$oid" : "606f5df7ffa847b759c84b9a"} , "執照類別" : "使用執照" , "核發執照字號" : "(69)桃縣工建使字第00781號" , "原領執照字號" : "" , "變更設計次數" : "00" , "基地面積" : "0㎡" , "建築面積" : "0㎡" , "總樓地板面積" : "0㎡" , "建築物高度" : "0ｍ" , "地下避難面積" : "0㎡" , "法定空地面積" : "0㎡" , "建造類別" : "" , "構造別" : "" , "地上層數" : "0層" , "地下層數" : "0層" , "棟數" : "0棟" , "戶數" : "0戶" , "起造人代表人" : "" , "設計人" : "" , "監造人" : "" , "承造人" : "" , "雜項工作物" : "" , "停車空間" : "法定0輛，獎勵0輛，自設0輛" , "發照日期" : "年月日" , "實際開工日期" : "年月日" , "竣工日期" : "年月日" , "qtime" : "" , "樓層概要" : [ ] , "地號" : [ ] , "門牌" : [ ] , "縣市別" : "桃園市"} , { "_id" : { "$oid" : "606f5df7ffa847b759c84b9b"} , "執照類別" : "使用執照" , "核發執照字號" : "(69)桃縣工建使字第00782號" , "原領執照字號" : "" , "變更設計次數" : "00" , "基地面積" : "0㎡" , "建築面積" : "0㎡" , "總樓地板面積" : "0㎡" , "建築物高度" : "0ｍ" , "地下避難面積" : "0㎡" , "法定空地面積" : "0㎡" , "建造類別" : "" , "構造別" : "" , "地上層數" : "0層" , "地下層數" : "0層" , "棟數" : "0棟" , "戶數" : "0戶" , "起造人代表人" : "" , "設計人" : "" , "監造人" : "" , "承造人" : "" , "雜項工作物" : "" , "停車空間" : "法定0輛，獎勵0輛，自設0輛" , "發照日期" : "年月日" , "實際開工日期" : "年月日" , "竣工日期" : "年月日" , "qtime" : "" , "樓層概要" : [ ] , "地號" : [ ] , "門牌" : [ ] , "縣市別" : "桃園市"} , { "_id" : { "$oid" : "606f5df7ffa847b759c84b9c"} , "執照類別" : "使用執照" , "核發執照字號" : "(69)桃縣工建使字第00785號" , "原領執照字號" : "" , "變更設計次數" : "00" , "基地面積" : "0㎡" , "建築面積" : "0㎡" , "總樓地板面積" : "0㎡" , "建築物高度" : "0ｍ" , "地下避難面積" : "0㎡" , "法定空地面積" : "0㎡" , "建造類別" : "" , "構造別" : "" , "地上層數" : "0層" , "地下層數" : "0層" , "棟數" : "0棟" , "戶數" : "0戶" , "起造人代表人" : "" , "設計人" : "" , "監造人" : "" , "承造人" : "" , "雜項工作物" : "" , "停車空間" : "法定0輛，獎勵0輛，自設0輛" , "發照日期" : "年月日" , "實際開工日期" : "年月日" , "竣工日期" : "年月日" , "qtime" : "" , "樓層概要" : [ ] , "地號" : [ ] , "門牌" : [ ] , "縣市別" : "桃園市"} , { "_id" : { "$oid" : "606f5df7ffa847b759c84b9d"} , "執照類別" : "使用執照" , "核發執照字號" : "(69)桃縣工建使字第00786號" , "原領執照字號" : "" , "變更設計次數" : "00" , "基地面積" : "0㎡" , "建築面積" : "0㎡" , "總樓地板面積" : "0㎡" , "建築物高度" : "0ｍ" , "地下避難面積" : "0㎡" , "法定空地面積" : "0㎡" , "建造類別" : "" , "構造別" : "" , "地上層數" : "0層" , "地下層數" : "0層" , "棟數" : "0棟" , "戶數" : "0戶" , "起造人代表人" : "" , "設計人" : "" , "監造人" : "" , "承造人" : "" , "雜項工作物" : "" , "停車空間" : "法定0輛，獎勵0輛，自設0輛" , "發照日期" : "年月日" , "實際開工日期" : "年月日" , "竣工日期" : "年月日" , "qtime" : "" , "樓層概要" : [ ] , "地號" : [ ] , "門牌" : [ ] , "縣市別" : "桃園市"} , { "_id" : { "$oid" : "606f5df7ffa847b759c84b9e"} , "執照類別" : "使用執照" , "核發執照字號" : "(69)桃縣工建使字第00787號" , "原領執照字號" : "" , "變更設計次數" : "00" , "基地面積" : "0㎡" , "建築面積" : "0㎡" , "總樓地板面積" : "0㎡" , "建築物高度" : "0ｍ" , "地下避難面積" : "0㎡" , "法定空地面積" : "0㎡" , "建造類別" : "" , "構造別" : "" , "地上層數" : "0層" , "地下層數" : "0層" , "棟數" : "0棟" , "戶數" : "0戶" , "起造人代表人" : "" , "設計人" : "" , "監造人" : "" , "承造人" : "" , "雜項工作物" : "" , "停車空間" : "法定0輛，獎勵0輛，自設0輛" , "發照日期" : "年月日" , "實際開工日期" : "年月日" , "竣工日期" : "年月日" , "qtime" : "" , "樓層概要" : [ ] , "地號" : [ ] , "門牌" : [ ] , "縣市別" : "桃園市"} , { "_id" : { "$oid" : "606f5df7ffa847b759c84b9f"} , "執照類別" : "使用執照" , "核發執照字號" : "(69)桃縣工建使字第00788號" , "原領執照字號" : "" , "變更設計次數" : "00" , "基地面積" : "0㎡" , "建築面積" : "0㎡" , "總樓地板面積" : "0㎡" , "建築物高度" : "0ｍ" , "地下避難面積" : "0㎡" , "法定空地面積" : "0㎡" , "建造類別" : "" , "構造別" : "" , "地上層數" : "0層" , "地下層數" : "0層" , "棟數" : "0棟" , "戶數" : "0戶" , "起造人代表人" : "" , "設計人" : "" , "監造人" : "" , "承造人" : "" , "雜項工作物" : "" , "停車空間" : "法定0輛，獎勵0輛，自設0輛" , "發照日期" : "年月日" , "實際開工日期" : "年月日" , "竣工日期" : "年月日" , "qtime" : "" , "樓層概要" : [ ] , "地號" : [ ] , "門牌" : [ ] , "縣市別" : "桃園市"} , { "_id" : { "$oid" : "606f5df7ffa847b759c84ba0"} , "執照類別" : "使用執照" , "核發執照字號" : "(69)桃縣工建使字第00789號" , "原領執照字號" : "" , "變更設計次數" : "00" , "基地面積" : "0㎡" , "建築面積" : "0㎡" , "總樓地板面積" : "0㎡" , "建築物高度" : "0ｍ" , "地下避難面積" : "0㎡" , "法定空地面積" : "0㎡" , "建造類別" : "" , "構造別" : "" , "地上層數" : "0層" , "地下層數" : "0層" , "棟數" : "0棟" , "戶數" : "0戶" , "起造人代表人" : "" , "設計人" : "" , "監造人" : "" , "承造人" : "" , "雜項工作物" : "" , "停車空間" : "法定0輛，獎勵0輛，自設0輛" , "發照日期" : "年月日" , "實際開工日期" : "年月日" , "竣工日期" : "年月日" , "qtime" : "" , "樓層概要" : [ ] , "地號" : [ ] , "門牌" : [ ] , "縣市別" : "桃園市"} , { "_id" : { "$oid" : "606f5df7ffa847b759c84ba1"} , "執照類別" : "使用執照" , "核發執照字號" : "(69)桃縣工建使字第00790號" , "原領執照字號" : "" , "變更設計次數" : "00" , "基地面積" : "0㎡" , "建築面積" : "0㎡" , "總樓地板面積" : "0㎡" , "建築物高度" : "0ｍ" , "地下避難面積" : "0㎡" , "法定空地面積" : "0㎡" , "建造類別" : "" , "構造別" : "" , "地上層數" : "0層" , "地下層數" : "0層" , "棟數" : "0棟" , "戶數" : "0戶" , "起造人代表人" : "" , "設計人" : "" , "監造人" : "" , "承造人" : "" , "雜項工作物" : "" , "停車空間" : "法定0輛，獎勵0輛，自設0輛" , "發照日期" : "年月日" , "實際開工日期" : "年月日" , "竣工日期" : "年月日" , "qtime" : "" , "樓層概要" : [ ] , "地號" : [ ] , "門牌" : [ ] , "縣市別" : "桃園市"} , { "_id" : { "$oid" : "606f5df7ffa847b759c84ba2"} , "執照類別" : "使用執照" , "核發執照字號" : "(69)桃縣工建使字第00793號" , "原領執照字號" : "" , "變更設計次數" : "00" , "基地面積" : "0㎡" , "建築面積" : "0㎡" , "總樓地板面積" : "0㎡" , "建築物高度" : "0ｍ" , "地下避難面積" : "0㎡" , "法定空地面積" : "0㎡" , "建造類別" : "" , "構造別" : "" , "地上層數" : "0層" , "地下層數" : "0層" , "棟數" : "0棟" , "戶數" : "0戶" , "起造人代表人" : "" , "設計人" : "" , "監造人" : "" , "承造人" : "" , "雜項工作物" : "" , "停車空間" : "法定0輛，獎勵0輛，自設0輛" , "發照日期" : "年月日" , "實際開工日期" : "年月日" , "竣工日期" : "年月日" , "qtime" : "" , "樓層概要" : [ ] , "地號" : [ ] , "門牌" : [ ] , "縣市別" : "桃園市"} , { "_id" : { "$oid" : "606f5df7ffa847b759c84ba3"} , "執照類別" : "使用執照" , "核發執照字號" : "(69)桃縣工建使字第00799號" , "原領執照字號" : "" , "變更設計次數" : "00" , "基地面積" : "0㎡" , "建築面積" : "0㎡" , "總樓地板面積" : "0㎡" , "建築物高度" : "0ｍ" , "地下避難面積" : "0㎡" , "法定空地面積" : "0㎡" , "建造類別" : "" , "構造別" : "" , "地上層數" : "0層" , "地下層數" : "0層" , "棟數" : "0棟" , "戶數" : "0戶" , "起造人代表人" : "" , "設計人" : "" , "監造人" : "" , "承造人" : "" , "雜項工作物" : "" , "停車空間" : "法定0輛，獎勵0輛，自設0輛" , "發照日期" : "年月日" , "實際開工日期" : "年月日" , "竣工日期" : "年月日" , "qtime" : "" , "樓層概要" : [ ] , "地號" : [ ] , "門牌" : [ ] , "縣市別" : "桃園市"} , { "_id" : { "$oid" : "606f5df7ffa847b759c84ba4"} , "執照類別" : "使用執照" , "核發執照字號" : "(69)桃縣工建使字第00825號" , "原領執照字號" : "" , "變更設計次數" : "00" , "基地面積" : "0㎡" , "建築面積" : "0㎡" , "總樓地板面積" : "0㎡" , "建築物高度" : "0ｍ" , "地下避難面積" : "0㎡" , "法定空地面積" : "0㎡" , "建造類別" : "" , "構造別" : "" , "地上層數" : "0層" , "地下層數" : "0層" , "棟數" : "0棟" , "戶數" : "0戶" , "起造人代表人" : "" , "設計人" : "" , "監造人" : "" , "承造人" : "" , "雜項工作物" : "" , "停車空間" : "法定0輛，獎勵0輛，自設0輛" , "發照日期" : "年月日" , "實際開工日期" : "年月日" , "竣工日期" : "年月日" , "qtime" : "" , "樓層概要" : [ ] , "地號" : [ ] , "門牌" : [ ] , "縣市別" : "桃園市"} , { "_id" : { "$oid" : "606f5df7ffa847b759c84ba5"} , "執照類別" : "使用執照" , "核發執照字號" : "(69)桃縣工建使字第00827號" , "原領執照字號" : "" , "變更設計次數" : "00" , "基地面積" : "0㎡" , "建築面積" : "0㎡" , "總樓地板面積" : "0㎡" , "建築物高度" : "0ｍ" , "地下避難面積" : "0㎡" , "法定空地面積" : "0㎡" , "建造類別" : "" , "構造別" : "" , "地上層數" : "0層" , "地下層數" : "0層" , "棟數" : "0棟" , "戶數" : "0戶" , "起造人代表人" : "" , "設計人" : "" , "監造人" : "" , "承造人" : "" , "雜項工作物" : "" , "停車空間" : "法定0輛，獎勵0輛，自設0輛" , "發照日期" : "年月日" , "實際開工日期" : "年月日" , "竣工日期" : "年月日" , "qtime" : "" , "樓層概要" : [ ] , "地號" : [ ] , "門牌" : [ ] , "縣市別" : "桃園市"} , { "_id" : { "$oid" : "606f5df7ffa847b759c84ba6"} , "執照類別" : "使用執照" , "核發執照字號" : "(69)桃縣工建使字第00830號" , "原領執照字號" : "" , "變更設計次數" : "00" , "基地面積" : "0㎡" , "建築面積" : "0㎡" , "總樓地板面積" : "0㎡" , "建築物高度" : "0ｍ" , "地下避難面積" : "0㎡" , "法定空地面積" : "0㎡" , "建造類別" : "" , "構造別" : "" , "地上層數" : "0層" , "地下層數" : "0層" , "棟數" : "0棟" , "戶數" : "0戶" , "起造人代表人" : "" , "設計人" : "" , "監造人" : "" , "承造人" : "" , "雜項工作物" : "" , "停車空間" : "法定0輛，獎勵0輛，自設0輛" , "發照日期" : "年月日" , "實際開工日期" : "年月日" , "竣工日期" : "年月日" , "qtime" : "" , "樓層概要" : [ ] , "地號" : [ ] , "門牌" : [ ] , "縣市別" : "桃園市"} , { "_id" : { "$oid" : "606f5df7ffa847b759c84ba7"} , "執照類別" : "使用執照" , "核發執照字號" : "(69)桃縣工建使字第00834號" , "原領執照字號" : "" , "變更設計次數" : "00" , "基地面積" : "0㎡" , "建築面積" : "0㎡" , "總樓地板面積" : "0㎡" , "建築物高度" : "0ｍ" , "地下避難面積" : "0㎡" , "法定空地面積" : "0㎡" , "建造類別" : "" , "構造別" : "" , "地上層數" : "0層" , "地下層數" : "0層" , "棟數" : "0棟" , "戶數" : "0戶" , "起造人代表人" : "" , "設計人" : "" , "監造人" : "" , "承造人" : "" , "雜項工作物" : "" , "停車空間" : "法定0輛，獎勵0輛，自設0輛" , "發照日期" : "年月日" , "實際開工日期" : "年月日" , "竣工日期" : "年月日" , "qtime" : "" , "樓層概要" : [ ] , "地號" : [ ] , "門牌" : [ ] , "縣市別" : "桃園市"} , { "_id" : { "$oid" : "606f5df7ffa847b759c84ba8"} , "執照類別" : "使用執照" , "核發執照字號" : "(69)桃縣工建使字第00835號" , "原領執照字號" : "" , "變更設計次數" : "00" , "基地面積" : "0㎡" , "建築面積" : "0㎡" , "總樓地板面積" : "0㎡" , "建築物高度" : "0ｍ" , "地下避難面積" : "0㎡" , "法定空地面積" : "0㎡" , "建造類別" : "" , "構造別" : "" , "地上層數" : "0層" , "地下層數" : "0層" , "棟數" : "0棟" , "戶數" : "0戶" , "起造人代表人" : "" , "設計人" : "" , "監造人" : "" , "承造人" : "" , "雜項工作物" : "" , "停車空間" : "法定0輛，獎勵0輛，自設0輛" , "發照日期" : "年月日" , "實際開工日期" : "年月日" , "竣工日期" : "年月日" , "qtime" : "" , "樓層概要" : [ ] , "地號" : [ ] , "門牌" : [ ] , "縣市別" : "桃園市"} , { "_id" : { "$oid" : "606f5df7ffa847b759c84ba9"} , "執照類別" : "使用執照" , "核發執照字號" : "(69)桃縣工建使字第00836號" , "原領執照字號" : "" , "變更設計次數" : "00" , "基地面積" : "0㎡" , "建築面積" : "0㎡" , "總樓地板面積" : "0㎡" , "建築物高度" : "0ｍ" , "地下避難面積" : "0㎡" , "法定空地面積" : "0㎡" , "建造類別" : "" , "構造別" : "" , "地上層數" : "0層" , "地下層數" : "0層" , "棟數" : "0棟" , "戶數" : "0戶" , "起造人代表人" : "" , "設計人" : "" , "監造人" : "" , "承造人" : "" , "雜項工作物" : "" , "停車空間" : "法定0輛，獎勵0輛，自設0輛" , "發照日期" : "年月日" , "實際開工日期" : "年月日" , "竣工日期" : "年月日" , "qtime" : "" , "樓層概要" : [ ] , "地號" : [ ] , "門牌" : [ ] , "縣市別" : "桃園市"} , { "_id" : { "$oid" : "606f5df7ffa847b759c84baa"} , "執照類別" : "使用執照" , "核發執照字號" : "(69)桃縣工建使字第00837號" , "原領執照字號" : "" , "變更設計次數" : "00" , "基地面積" : "0㎡" , "建築面積" : "0㎡" , "總樓地板面積" : "0㎡" , "建築物高度" : "0ｍ" , "地下避難面積" : "0㎡" , "法定空地面積" : "0㎡" , "建造類別" : "" , "構造別" : "" , "地上層數" : "0層" , "地下層數" : "0層" , "棟數" : "0棟" , "戶數" : "0戶" , "起造人代表人" : "" , "設計人" : "" , "監造人" : "" , "承造人" : "" , "雜項工作物" : "" , "停車空間" : "法定0輛，獎勵0輛，自設0輛" , "發照日期" : "年月日" , "實際開工日期" : "年月日" , "竣工日期" : "年月日" , "qtime" : "" , "樓層概要" : [ ] , "地號" : [ ] , "門牌" : [ ] , "縣市別" : "桃園市"} , { "_id" : { "$oid" : "606f5df7ffa847b759c84bab"} , "執照類別" : "使用執照" , "核發執照字號" : "(69)桃縣工建使字第00838號" , "原領執照字號" : "" , "變更設計次數" : "00" , "基地面積" : "0㎡" , "建築面積" : "0㎡" , "總樓地板面積" : "0㎡" , "建築物高度" : "0ｍ" , "地下避難面積" : "0㎡" , "法定空地面積" : "0㎡" , "建造類別" : "" , "構造別" : "" , "地上層數" : "0層" , "地下層數" : "0層" , "棟數" : "0棟" , "戶數" : "0戶" , "起造人代表人" : "" , "設計人" : "" , "監造人" : "" , "承造人" : "" , "雜項工作物" : "" , "停車空間" : "法定0輛，獎勵0輛，自設0輛" , "發照日期" : "年月日" , "實際開工日期" : "年月日" , "竣工日期" : "年月日" , "qtime" : "" , "樓層概要" : [ ] , "地號" : [ ] , "門牌" : [ ] , "縣市別" : "桃園市"} , { "_id" : { "$oid" : "606f5df7ffa847b759c84bac"} , "執照類別" : "使用執照" , "核發執照字號" : "(69)桃縣工建使字第00839號" , "原領執照字號" : "" , "變更設計次數" : "00" , "基地面積" : "0㎡" , "建築面積" : "0㎡" , "總樓地板面積" : "0㎡" , "建築物高度" : "0ｍ" , "地下避難面積" : "0㎡" , "法定空地面積" : "0㎡" , "建造類別" : "" , "構造別" : "" , "地上層數" : "0層" , "地下層數" : "0層" , "棟數" : "0棟" , "戶數" : "0戶" , "起造人代表人" : "" , "設計人" : "" , "監造人" : "" , "承造人" : "" , "雜項工作物" : "" , "停車空間" : "法定0輛，獎勵0輛，自設0輛" , "發照日期" : "年月日" , "實際開工日期" : "年月日" , "竣工日期" : "年月日" , "qtime" : "" , "樓層概要" : [ ] , "地號" : [ ] , "門牌" : [ ] , "縣市別" : "桃園市"} , { "_id" : { "$oid" : "606f5df7ffa847b759c84bad"} , "執照類別" : "使用執照" , "核發執照字號" : "(69)桃縣工建使字第00840號" , "原領執照字號" : "" , "變更設計次數" : "00" , "基地面積" : "0㎡" , "建築面積" : "0㎡" , "總樓地板面積" : "0㎡" , "建築物高度" : "0ｍ" , "地下避難面積" : "0㎡" , "法定空地面積" : "0㎡" , "建造類別" : "" , "構造別" : "" , "地上層數" : "0層" , "地下層數" : "0層" , "棟數" : "0棟" , "戶數" : "0戶" , "起造人代表人" : "" , "設計人" : "" , "監造人" : "" , "承造人" : "" , "雜項工作物" : "" , "停車空間" : "法定0輛，獎勵0輛，自設0輛" , "發照日期" : "年月日" , "實際開工日期" : "年月日" , "竣工日期" : "年月日" , "qtime" : "" , "樓層概要" : [ ] , "地號" : [ ] , "門牌" : [ ] , "縣市別" : "桃園市"} , { "_id" : { "$oid" : "606f5df7ffa847b759c84bae"} , "執照類別" : "使用執照" , "核發執照字號" : "(69)桃縣工建使字第00841號" , "原領執照字號" : "" , "變更設計次數" : "00" , "基地面積" : "0㎡" , "建築面積" : "0㎡" , "總樓地板面積" : "0㎡" , "建築物高度" : "0ｍ" , "地下避難面積" : "0㎡" , "法定空地面積" : "0㎡" , "建造類別" : "" , "構造別" : "" , "地上層數" : "0層" , "地下層數" : "0層" , "棟數" : "0棟" , "戶數" : "0戶" , "起造人代表人" : "" , "設計人" : "" , "監造人" : "" , "承造人" : "" , "雜項工作物" : "" , "停車空間" : "法定0輛，獎勵0輛，自設0輛" , "發照日期" : "年月日" , "實際開工日期" : "年月日" , "竣工日期" : "年月日" , "qtime" : "" , "樓層概要" : [ ] , "地號" : [ ] , "門牌" : [ ] , "縣市別" : "桃園市"} , { "_id" : { "$oid" : "606f5df7ffa847b759c84baf"} , "執照類別" : "使用執照" , "核發執照字號" : "(69)桃縣工建使字第00842號" , "原領執照字號" : "" , "變更設計次數" : "00" , "基地面積" : "0㎡" , "建築面積" : "0㎡" , "總樓地板面積" : "0㎡" , "建築物高度" : "0ｍ" , "地下避難面積" : "0㎡" , "法定空地面積" : "0㎡" , "建造類別" : "" , "構造別" : "" , "地上層數" : "0層" , "地下層數" : "0層" , "棟數" : "0棟" , "戶數" : "0戶" , "起造人代表人" : "" , "設計人" : "" , "監造人" : "" , "承造人" : "" , "雜項工作物" : "" , "停車空間" : "法定0輛，獎勵0輛，自設0輛" , "發照日期" : "年月日" , "實際開工日期" : "年月日" , "竣工日期" : "年月日" , "qtime" : "" , "樓層概要" : [ ] , "地號" : [ ] , "門牌" : [ ] , "縣市別" : "桃園市"} , { "_id" : { "$oid" : "606f5df7ffa847b759c84bb0"} , "執照類別" : "使用執照" , "核發執照字號" : "(69)桃縣工建使字第00843號" , "原領執照字號" : "" , "變更設計次數" : "00" , "基地面積" : "0㎡" , "建築面積" : "0㎡" , "總樓地板面積" : "0㎡" , "建築物高度" : "0ｍ" , "地下避難面積" : "0㎡" , "法定空地面積" : "0㎡" , "建造類別" : "" , "構造別" : "" , "地上層數" : "0層" , "地下層數" : "0層" , "棟數" : "0棟" , "戶數" : "0戶" , "起造人代表人" : "" , "設計人" : "" , "監造人" : "" , "承造人" : "" , "雜項工作物" : "" , "停車空間" : "法定0輛，獎勵0輛，自設0輛" , "發照日期" : "年月日" , "實際開工日期" : "年月日" , "竣工日期" : "年月日" , "qtime" : "" , "樓層概要" : [ ] , "地號" : [ ] , "門牌" : [ ] , "縣市別" : "桃園市"} , { "_id" : { "$oid" : "606f5df7ffa847b759c84bb1"} , "執照類別" : "使用執照" , "核發執照字號" : "(69)桃縣工建使字第00844號" , "原領執照字號" : "" , "變更設計次數" : "00" , "基地面積" : "0㎡" , "建築面積" : "0㎡" , "總樓地板面積" : "0㎡" , "建築物高度" : "0ｍ" , "地下避難面積" : "0㎡" , "法定空地面積" : "0㎡" , "建造類別" : "" , "構造別" : "" , "地上層數" : "0層" , "地下層數" : "0層" , "棟數" : "0棟" , "戶數" : "0戶" , "起造人代表人" : "" , "設計人" : "" , "監造人" : "" , "承造人" : "" , "雜項工作物" : "" , "停車空間" : "法定0輛，獎勵0輛，自設0輛" , "發照日期" : "年月日" , "實際開工日期" : "年月日" , "竣工日期" : "年月日" , "qtime" : "" , "樓層概要" : [ ] , "地號" : [ ] , "門牌" : [ ] , "縣市別" : "桃園市"} , { "_id" : { "$oid" : "606f5df7ffa847b759c84bb2"} , "執照類別" : "使用執照" , "核發執照字號" : "(69)桃縣工建使字第00845號" , "原領執照字號" : "" , "變更設計次數" : "00" , "基地面積" : "0㎡" , "建築面積" : "0㎡" , "總樓地板面積" : "0㎡" , "建築物高度" : "0ｍ" , "地下避難面積" : "0㎡" , "法定空地面積" : "0㎡" , "建造類別" : "" , "構造別" : "" , "地上層數" : "0層" , "地下層數" : "0層" , "棟數" : "0棟" , "戶數" : "0戶" , "起造人代表人" : "" , "設計人" : "" , "監造人" : "" , "承造人" : "" , "雜項工作物" : "" , "停車空間" : "法定0輛，獎勵0輛，自設0輛" , "發照日期" : "年月日" , "實際開工日期" : "年月日" , "竣工日期" : "年月日" , "qtime" : "" , "樓層概要" : [ ] , "地號" : [ ] , "門牌" : [ ] , "縣市別" : "桃園市"} , { "_id" : { "$oid" : "606f5df7ffa847b759c84bb3"} , "執照類別" : "使用執照" , "核發執照字號" : "(69)桃縣工建使字第00846號" , "原領執照字號" : "" , "變更設計次數" : "00" , "基地面積" : "0㎡" , "建築面積" : "0㎡" , "總樓地板面積" : "0㎡" , "建築物高度" : "0ｍ" , "地下避難面積" : "0㎡" , "法定空地面積" : "0㎡" , "建造類別" : "" , "構造別" : "" , "地上層數" : "0層" , "地下層數" : "0層" , "棟數" : "0棟" , "戶數" : "0戶" , "起造人代表人" : "" , "設計人" : "" , "監造人" : "" , "承造人" : "" , "雜項工作物" : "" , "停車空間" : "法定0輛，獎勵0輛，自設0輛" , "發照日期" : "年月日" , "實際開工日期" : "年月日" , "竣工日期" : "年月日" , "qtime" : "" , "樓層概要" : [ ] , "地號" : [ ] , "門牌" : [ ] , "縣市別" : "桃園市"} , { "_id" : { "$oid" : "606f5df7ffa847b759c84bb4"} , "執照類別" : "使用執照" , "核發執照字號" : "(69)桃縣工建使字第00847號" , "原領執照字號" : "" , "變更設計次數" : "00" , "基地面積" : "0㎡" , "建築面積" : "0㎡" , "總樓地板面積" : "0㎡" , "建築物高度" : "0ｍ" , "地下避難面積" : "0㎡" , "法定空地面積" : "0㎡" , "建造類別" : "" , "構造別" : "" , "地上層數" : "0層" , "地下層數" : "0層" , "棟數" : "0棟" , "戶數" : "0戶" , "起造人代表人" : "" , "設計人" : "" , "監造人" : "" , "承造人" : "" , "雜項工作物" : "" , "停車空間" : "法定0輛，獎勵0輛，自設0輛" , "發照日期" : "年月日" , "實際開工日期" : "年月日" , "竣工日期" : "年月日" , "qtime" : "" , "樓層概要" : [ ] , "地號" : [ ] , "門牌" : [ ] , "縣市別" : "桃園市"} , { "_id" : { "$oid" : "606f5df7ffa847b759c84bb5"} , "執照類別" : "使用執照" , "核發執照字號" : "(69)桃縣工建使字第00848號" , "原領執照字號" : "" , "變更設計次數" : "00" , "基地面積" : "0㎡" , "建築面積" : "0㎡" , "總樓地板面積" : "0㎡" , "建築物高度" : "0ｍ" , "地下避難面積" : "0㎡" , "法定空地面積" : "0㎡" , "建造類別" : "" , "構造別" : "" , "地上層數" : "0層" , "地下層數" : "0層" , "棟數" : "0棟" , "戶數" : "0戶" , "起造人代表人" : "" , "設計人" : "" , "監造人" : "" , "承造人" : "" , "雜項工作物" : "" , "停車空間" : "法定0輛，獎勵0輛，自設0輛" , "發照日期" : "年月日" , "實際開工日期" : "年月日" , "竣工日期" : "年月日" , "qtime" : "" , "樓層概要" : [ ] , "地號" : [ ] , "門牌" : [ ] , "縣市別" : "桃園市"} , { "_id" : { "$oid" : "606f5df7ffa847b759c84bb6"} , "執照類別" : "使用執照" , "核發執照字號" : "(69)桃縣工建使字第00849號" , "原領執照字號" : "" , "變更設計次數" : "00" , "基地面積" : "0㎡" , "建築面積" : "0㎡" , "總樓地板面積" : "0㎡" , "建築物高度" : "0ｍ" , "地下避難面積" : "0㎡" , "法定空地面積" : "0㎡" , "建造類別" : "" , "構造別" : "" , "地上層數" : "0層" , "地下層數" : "0層" , "棟數" : "0棟" , "戶數" : "0戶" , "起造人代表人" : "" , "設計人" : "" , "監造人" : "" , "承造人" : "" , "雜項工作物" : "" , "停車空間" : "法定0輛，獎勵0輛，自設0輛" , "發照日期" : "年月日" , "實際開工日期" : "年月日" , "竣工日期" : "年月日" , "qtime" : "" , "樓層概要" : [ ] , "地號" : [ ] , "門牌" : [ ] , "縣市別" : "桃園市"} , { "_id" : { "$oid" : "606f5df7ffa847b759c84bb7"} , "執照類別" : "使用執照" , "核發執照字號" : "(69)桃縣工建使字第00850號" , "原領執照字號" : "" , "變更設計次數" : "00" , "基地面積" : "0㎡" , "建築面積" : "0㎡" , "總樓地板面積" : "0㎡" , "建築物高度" : "0ｍ" , "地下避難面積" : "0㎡" , "法定空地面積" : "0㎡" , "建造類別" : "" , "構造別" : "" , "地上層數" : "0層" , "地下層數" : "0層" , "棟數" : "0棟" , "戶數" : "0戶" , "起造人代表人" : "" , "設計人" : "" , "監造人" : "" , "承造人" : "" , "雜項工作物" : "" , "停車空間" : "法定0輛，獎勵0輛，自設0輛" , "發照日期" : "年月日" , "實際開工日期" : "年月日" , "竣工日期" : "年月日" , "qtime" : "" , "樓層概要" : [ ] , "地號" : [ ] , "門牌" : [ ] , "縣市別" : "桃園市"} , { "_id" : { "$oid" : "606f5df7ffa847b759c84bb8"} , "執照類別" : "使用執照" , "核發執照字號" : "(69)桃縣工建使字第00851號" , "原領執照字號" : "" , "變更設計次數" : "00" , "基地面積" : "0㎡" , "建築面積" : "0㎡" , "總樓地板面積" : "0㎡" , "建築物高度" : "0ｍ" , "地下避難面積" : "0㎡" , "法定空地面積" : "0㎡" , "建造類別" : "" , "構造別" : "" , "地上層數" : "0層" , "地下層數" : "0層" , "棟數" : "0棟" , "戶數" : "0戶" , "起造人代表人" : "" , "設計人" : "" , "監造人" : "" , "承造人" : "" , "雜項工作物" : "" , "停車空間" : "法定0輛，獎勵0輛，自設0輛" , "發照日期" : "年月日" , "實際開工日期" : "年月日" , "竣工日期" : "年月日" , "qtime" : "" , "樓層概要" : [ ] , "地號" : [ ] , "門牌" : [ ] , "縣市別" : "桃園市"} , { "_id" : { "$oid" : "606f5df7ffa847b759c84bb9"} , "執照類別" : "使用執照" , "核發執照字號" : "(69)桃縣工建使字第00852號" , "原領執照字號" : "" , "變更設計次數" : "00" , "基地面積" : "0㎡" , "建築面積" : "0㎡" , "總樓地板面積" : "0㎡" , "建築物高度" : "0ｍ" , "地下避難面積" : "0㎡" , "法定空地面積" : "0㎡" , "建造類別" : "" , "構造別" : "" , "地上層數" : "0層" , "地下層數" : "0層" , "棟數" : "0棟" , "戶數" : "0戶" , "起造人代表人" : "" , "設計人" : "" , "監造人" : "" , "承造人" : "" , "雜項工作物" : "" , "停車空間" : "法定0輛，獎勵0輛，自設0輛" , "發照日期" : "年月日" , "實際開工日期" : "年月日" , "竣工日期" : "年月日" , "qtime" : "" , "樓層概要" : [ ] , "地號" : [ ] , "門牌" : [ ] , "縣市別" : "桃園市"} , { "_id" : { "$oid" : "606f5df7ffa847b759c84bba"} , "執照類別" : "使用執照" , "核發執照字號" : "(69)桃縣工建使字第00853號" , "原領執照字號" : "" , "變更設計次數" : "00" , "基地面積" : "0㎡" , "建築面積" : "0㎡" , "總樓地板面積" : "0㎡" , "建築物高度" : "0ｍ" , "地下避難面積" : "0㎡" , "法定空地面積" : "0㎡" , "建造類別" : "" , "構造別" : "" , "地上層數" : "0層" , "地下層數" : "0層" , "棟數" : "0棟" , "戶數" : "0戶" , "起造人代表人" : "" , "設計人" : "" , "監造人" : "" , "承造人" : "" , "雜項工作物" : "" , "停車空間" : "法定0輛，獎勵0輛，自設0輛" , "發照日期" : "年月日" , "實際開工日期" : "年月日" , "竣工日期" : "年月日" , "qtime" : "" , "樓層概要" : [ ] , "地號" : [ ] , "門牌" : [ ] , "縣市別" : "桃園市"} , { "_id" : { "$oid" : "606f5df7ffa847b759c84bbb"} , "執照類別" : "使用執照" , "核發執照字號" : "(69)桃縣工建使字第00854號" , "原領執照字號" : "" , "變更設計次數" : "00" , "基地面積" : "0㎡" , "建築面積" : "0㎡" , "總樓地板面積" : "0㎡" , "建築物高度" : "0ｍ" , "地下避難面積" : "0㎡" , "法定空地面積" : "0㎡" , "建造類別" : "" , "構造別" : "" , "地上層數" : "0層" , "地下層數" : "0層" , "棟數" : "0棟" , "戶數" : "0戶" , "起造人代表人" : "" , "設計人" : "" , "監造人" : "" , "承造人" : "" , "雜項工作物" : "" , "停車空間" : "法定0輛，獎勵0輛，自設0輛" , "發照日期" : "年月日" , "實際開工日期" : "年月日" , "竣工日期" : "年月日" , "qtime" : "" , "樓層概要" : [ ] , "地號" : [ ] , "門牌" : [ ] , "縣市別" : "桃園市"} , { "_id" : { "$oid" : "606f5df7ffa847b759c84bbc"} , "執照類別" : "使用執照" , "核發執照字號" : "(69)桃縣工建使字第00855號" , "原領執照字號" : "" , "變更設計次數" : "00" , "基地面積" : "0㎡" , "建築面積" : "0㎡" , "總樓地板面積" : "0㎡" , "建築物高度" : "0ｍ" , "地下避難面積" : "0㎡" , "法定空地面積" : "0㎡" , "建造類別" : "" , "構造別" : "" , "地上層數" : "0層" , "地下層數" : "0層" , "棟數" : "0棟" , "戶數" : "0戶" , "起造人代表人" : "" , "設計人" : "" , "監造人" : "" , "承造人" : "" , "雜項工作物" : "" , "停車空間" : "法定0輛，獎勵0輛，自設0輛" , "發照日期" : "年月日" , "實際開工日期" : "年月日" , "竣工日期" : "年月日" , "qtime" : "" , "樓層概要" : [ ] , "地號" : [ ] , "門牌" : [ ] , "縣市別" : "桃園市"} , { "_id" : { "$oid" : "606f5df7ffa847b759c84bbd"} , "執照類別" : "使用執照" , "核發執照字號" : "(69)桃縣工建使字第00856號" , "原領執照字號" : "" , "變更設計次數" : "00" , "基地面積" : "0㎡" , "建築面積" : "0㎡" , "總樓地板面積" : "0㎡" , "建築物高度" : "0ｍ" , "地下避難面積" : "0㎡" , "法定空地面積" : "0㎡" , "建造類別" : "" , "構造別" : "" , "地上層數" : "0層" , "地下層數" : "0層" , "棟數" : "0棟" , "戶數" : "0戶" , "起造人代表人" : "" , "設計人" : "" , "監造人" : "" , "承造人" : "" , "雜項工作物" : "" , "停車空間" : "法定0輛，獎勵0輛，自設0輛" , "發照日期" : "年月日" , "實際開工日期" : "年月日" , "竣工日期" : "年月日" , "qtime" : "" , "樓層概要" : [ ] , "地號" : [ ] , "門牌" : [ ] , "縣市別" : "桃園市"} , { "_id" : { "$oid" : "606f5df7ffa847b759c84bbe"} , "執照類別" : "使用執照" , "核發執照字號" : "(69)桃縣工建使字第00857號" , "原領執照字號" : "" , "變更設計次數" : "00" , "基地面積" : "0㎡" , "建築面積" : "0㎡" , "總樓地板面積" : "0㎡" , "建築物高度" : "0ｍ" , "地下避難面積" : "0㎡" , "法定空地面積" : "0㎡" , "建造類別" : "" , "構造別" : "" , "地上層數" : "0層" , "地下層數" : "0層" , "棟數" : "0棟" , "戶數" : "0戶" , "起造人代表人" : "" , "設計人" : "" , "監造人" : "" , "承造人" : "" , "雜項工作物" : "" , "停車空間" : "法定0輛，獎勵0輛，自設0輛" , "發照日期" : "年月日" , "實際開工日期" : "年月日" , "竣工日期" : "年月日" , "qtime" : "" , "樓層概要" : [ ] , "地號" : [ ] , "門牌" : [ ] , "縣市別" : "桃園市"} , { "_id" : { "$oid" : "606f5df7ffa847b759c84bbf"} , "執照類別" : "使用執照" , "核發執照字號" : "(69)桃縣工建使字第00858號" , "原領執照字號" : "" , "變更設計次數" : "00" , "基地面積" : "0㎡" , "建築面積" : "0㎡" , "總樓地板面積" : "0㎡" , "建築物高度" : "0ｍ" , "地下避難面積" : "0㎡" , "法定空地面積" : "0㎡" , "建造類別" : "" , "構造別" : "" , "地上層數" : "0層" , "地下層數" : "0層" , "棟數" : "0棟" , "戶數" : "0戶" , "起造人代表人" : "" , "設計人" : "" , "監造人" : "" , "承造人" : "" , "雜項工作物" : "" , "停車空間" : "法定0輛，獎勵0輛，自設0輛" , "發照日期" : "年月日" , "實際開工日期" : "年月日" , "竣工日期" : "年月日" , "qtime" : "" , "樓層概要" : [ ] , "地號" : [ ] , "門牌" : [ ] , "縣市別" : "桃園市"} , { "_id" : { "$oid" : "606f5df7ffa847b759c84bc0"} , "執照類別" : "使用執照" , "核發執照字號" : "(69)桃縣工建使字第00859號" , "原領執照字號" : "" , "變更設計次數" : "00" , "基地面積" : "0㎡" , "建築面積" : "0㎡" , "總樓地板面積" : "0㎡" , "建築物高度" : "0ｍ" , "地下避難面積" : "0㎡" , "法定空地面積" : "0㎡" , "建造類別" : "" , "構造別" : "" , "地上層數" : "0層" , "地下層數" : "0層" , "棟數" : "0棟" , "戶數" : "0戶" , "起造人代表人" : "" , "設計人" : "" , "監造人" : "" , "承造人" : "" , "雜項工作物" : "" , "停車空間" : "法定0輛，獎勵0輛，自設0輛" , "發照日期" : "年月日" , "實際開工日期" : "年月日" , "竣工日期" : "年月日" , "qtime" : "" , "樓層概要" : [ ] , "地號" : [ ] , "門牌" : [ ] , "縣市別" : "桃園市"} , { "_id" : { "$oid" : "606f5df7ffa847b759c84bc1"} , "執照類別" : "使用執照" , "核發執照字號" : "(69)桃縣工建使字第00860號" , "原領執照字號" : "" , "變更設計次數" : "00" , "基地面積" : "0㎡" , "建築面積" : "0㎡" , "總樓地板面積" : "0㎡" , "建築物高度" : "0ｍ" , "地下避難面積" : "0㎡" , "法定空地面積" : "0㎡" , "建造類別" : "" , "構造別" : "" , "地上層數" : "0層" , "地下層數" : "0層" , "棟數" : "0棟" , "戶數" : "0戶" , "起造人代表人" : "" , "設計人" : "" , "監造人" : "" , "承造人" : "" , "雜項工作物" : "" , "停車空間" : "法定0輛，獎勵0輛，自設0輛" , "發照日期" : "年月日" , "實際開工日期" : "年月日" , "竣工日期" : "年月日" , "qtime" : "" , "樓層概要" : [ ] , "地號" : [ ] , "門牌" : [ ] , "縣市別" : "桃園市"} , { "_id" : { "$oid" : "606f5df7ffa847b759c84bc2"} , "執照類別" : "使用執照" , "核發執照字號" : "(69)桃縣工建使字第00861號" , "原領執照字號" : "" , "變更設計次數" : "00" , "基地面積" : "0㎡" , "建築面積" : "0㎡" , "總樓地板面積" : "0㎡" , "建築物高度" : "0ｍ" , "地下避難面積" : "0㎡" , "法定空地面積" : "0㎡" , "建造類別" : "" , "構造別" : "" , "地上層數" : "0層" , "地下層數" : "0層" , "棟數" : "0棟" , "戶數" : "0戶" , "起造人代表人" : "" , "設計人" : "" , "監造人" : "" , "承造人" : "" , "雜項工作物" : "" , "停車空間" : "法定0輛，獎勵0輛，自設0輛" , "發照日期" : "年月日" , "實際開工日期" : "年月日" , "竣工日期" : "年月日" , "qtime" : "" , "樓層概要" : [ ] , "地號" : [ ] , "門牌" : [ ] , "縣市別" : "桃園市"} , { "_id" : { "$oid" : "606f5df7ffa847b759c84bc3"} , "執照類別" : "使用執照" , "核發執照字號" : "(69)桃縣工建使字第00862號" , "原領執照字號" : "" , "變更設計次數" : "00" , "基地面積" : "0㎡" , "建築面積" : "0㎡" , "總樓地板面積" : "0㎡" , "建築物高度" : "0ｍ" , "地下避難面積" : "0㎡" , "法定空地面積" : "0㎡" , "建造類別" : "" , "構造別" : "" , "地上層數" : "0層" , "地下層數" : "0層" , "棟數" : "0棟" , "戶數" : "0戶" , "起造人代表人" : "" , "設計人" : "" , "監造人" : "" , "承造人" : "" , "雜項工作物" : "" , "停車空間" : "法定0輛，獎勵0輛，自設0輛" , "發照日期" : "年月日" , "實際開工日期" : "年月日" , "竣工日期" : "年月日" , "qtime" : "" , "樓層概要" : [ ] , "地號" : [ ] , "門牌" : [ ] , "縣市別" : "桃園市"} , { "_id" : { "$oid" : "606f5df7ffa847b759c84bc4"} , "執照類別" : "使用執照" , "核發執照字號" : "(69)桃縣工建使字第00863號" , "原領執照字號" : "" , "變更設計次數" : "00" , "基地面積" : "0㎡" , "建築面積" : "0㎡" , "總樓地板面積" : "0㎡" , "建築物高度" : "0ｍ" , "地下避難面積" : "0㎡" , "法定空地面積" : "0㎡" , "建造類別" : "" , "構造別" : "" , "地上層數" : "0層" , "地下層數" : "0層" , "棟數" : "0棟" , "戶數" : "0戶" , "起造人代表人" : "" , "設計人" : "" , "監造人" : "" , "承造人" : "" , "雜項工作物" : "" , "停車空間" : "法定0輛，獎勵0輛，自設0輛" , "發照日期" : "年月日" , "實際開工日期" : "年月日" , "竣工日期" : "年月日" , "qtime" : "" , "樓層概要" : [ ] , "地號" : [ ] , "門牌" : [ ] , "縣市別" : "桃園市"} , { "_id" : { "$oid" : "606f5df7ffa847b759c84bc5"} , "執照類別" : "使用執照" , "核發執照字號" : "(69)桃縣工建使字第00864號" , "原領執照字號" : "" , "變更設計次數" : "00" , "基地面積" : "0㎡" , "建築面積" : "0㎡" , "總樓地板面積" : "0㎡" , "建築物高度" : "0ｍ" , "地下避難面積" : "0㎡" , "法定空地面積" : "0㎡" , "建造類別" : "" , "構造別" : "" , "地上層數" : "0層" , "地下層數" : "0層" , "棟數" : "0棟" , "戶數" : "0戶" , "起造人代表人" : "" , "設計人" : "" , "監造人" : "" , "承造人" : "" , "雜項工作物" : "" , "停車空間" : "法定0輛，獎勵0輛，自設0輛" , "發照日期" : "年月日" , "實際開工日期" : "年月日" , "竣工日期" : "年月日" , "qtime" : "" , "樓層概要" : [ ] , "地號" : [ ] , "門牌" : [ ] , "縣市別" : "桃園市"} , { "_id" : { "$oid" : "606f5df7ffa847b759c84bc6"} , "執照類別" : "使用執照" , "核發執照字號" : "(69)桃縣工建使字第00865號" , "原領執照字號" : "" , "變更設計次數" : "00" , "基地面積" : "0㎡" , "建築面積" : "0㎡" , "總樓地板面積" : "0㎡" , "建築物高度" : "0ｍ" , "地下避難面積" : "0㎡" , "法定空地面積" : "0㎡" , "建造類別" : "" , "構造別" : "" , "地上層數" : "0層" , "地下層數" : "0層" , "棟數" : "0棟" , "戶數" : "0戶" , "起造人代表人" : "" , "設計人" : "" , "監造人" : "" , "承造人" : "" , "雜項工作物" : "" , "停車空間" : "法定0輛，獎勵0輛，自設0輛" , "發照日期" : "年月日" , "實際開工日期" : "年月日" , "竣工日期" : "年月日" , "qtime" : "" , "樓層概要" : [ ] , "地號" : [ ] , "門牌" : [ ] , "縣市別" : "桃園市"} , { "_id" : { "$oid" : "606f5df7ffa847b759c84bc7"} , "執照類別" : "使用執照" , "核發執照字號" : "(69)桃縣工建使字第00866號" , "原領執照字號" : "" , "變更設計次數" : "00" , "基地面積" : "0㎡" , "建築面積" : "0㎡" , "總樓地板面積" : "0㎡" , "建築物高度" : "0ｍ" , "地下避難面積" : "0㎡" , "法定空地面積" : "0㎡" , "建造類別" : "" , "構造別" : "" , "地上層數" : "0層" , "地下層數" : "0層" , "棟數" : "0棟" , "戶數" : "0戶" , "起造人代表人" : "" , "設計人" : "" , "監造人" : "" , "承造人" : "" , "雜項工作物" : "" , "停車空間" : "法定0輛，獎勵0輛，自設0輛" , "發照日期" : "年月日" , "實際開工日期" : "年月日" , "竣工日期" : "年月日" , "qtime" : "" , "樓層概要" : [ ] , "地號" : [ ] , "門牌" : [ ] , "縣市別" : "桃園市"} , { "_id" : { "$oid" : "606f5df7ffa847b759c84bc8"} , "執照類別" : "使用執照" , "核發執照字號" : "(69)桃縣工建使字第00867號" , "原領執照字號" : "" , "變更設計次數" : "00" , "基地面積" : "0㎡" , "建築面積" : "0㎡" , "總樓地板面積" : "0㎡" , "建築物高度" : "0ｍ" , "地下避難面積" : "0㎡" , "法定空地面積" : "0㎡" , "建造類別" : "" , "構造別" : "" , "地上層數" : "0層" , "地下層數" : "0層" , "棟數" : "0棟" , "戶數" : "0戶" , "起造人代表人" : "" , "設計人" : "" , "監造人" : "" , "承造人" : "" , "雜項工作物" : "" , "停車空間" : "法定0輛，獎勵0輛，自設0輛" , "發照日期" : "年月日" , "實際開工日期" : "年月日" , "竣工日期" : "年月日" , "qtime" : "" , "樓層概要" : [ ] , "地號" : [ ] , "門牌" : [ ] , "縣市別" : "桃園市"} , { "_id" : { "$oid" : "606f5df7ffa847b759c84bc9"} , "執照類別" : "使用執照" , "核發執照字號" : "(69)桃縣工建使字第00868號" , "原領執照字號" : "" , "變更設計次數" : "00" , "基地面積" : "0㎡" , "建築面積" : "0㎡" , "總樓地板面積" : "0㎡" , "建築物高度" : "0ｍ" , "地下避難面積" : "0㎡" , "法定空地面積" : "0㎡" , "建造類別" : "" , "構造別" : "" , "地上層數" : "0層" , "地下層數" : "0層" , "棟數" : "0棟" , "戶數" : "0戶" , "起造人代表人" : "" , "設計人" : "" , "監造人" : "" , "承造人" : "" , "雜項工作物" : "" , "停車空間" : "法定0輛，獎勵0輛，自設0輛" , "發照日期" : "年月日" , "實際開工日期" : "年月日" , "竣工日期" : "年月日" , "qtime" : "" , "樓層概要" : [ ] , "地號" : [ ] , "門牌" : [ ] , "縣市別" : "桃園市"} , { "_id" : { "$oid" : "606f5df7ffa847b759c84bca"} , "執照類別" : "使用執照" , "核發執照字號" : "(69)桃縣工建使字第00869號" , "原領執照字號" : "" , "變更設計次數" : "00" , "基地面積" : "0㎡" , "建築面積" : "0㎡" , "總樓地板面積" : "0㎡" , "建築物高度" : "0ｍ" , "地下避難面積" : "0㎡" , "法定空地面積" : "0㎡" , "建造類別" : "" , "構造別" : "" , "地上層數" : "0層" , "地下層數" : "0層" , "棟數" : "0棟" , "戶數" : "0戶" , "起造人代表人" : "" , "設計人" : "" , "監造人" : "" , "承造人" : "" , "雜項工作物" : "" , "停車空間" : "法定0輛，獎勵0輛，自設0輛" , "發照日期" : "年月日" , "實際開工日期" : "年月日" , "竣工日期" : "年月日" , "qtime" : "" , "樓層概要" : [ ] , "地號" : [ ] , "門牌" : [ ] , "縣市別" : "桃園市"} , { "_id" : { "$oid" : "606f5df7ffa847b759c84bcb"} , "執照類別" : "使用執照" , "核發執照字號" : "(69)桃縣工建使字第00870號" , "原領執照字號" : "" , "變更設計次數" : "00" , "基地面積" : "0㎡" , "建築面積" : "0㎡" , "總樓地板面積" : "0㎡" , "建築物高度" : "0ｍ" , "地下避難面積" : "0㎡" , "法定空地面積" : "0㎡" , "建造類別" : "" , "構造別" : "" , "地上層數" : "0層" , "地下層數" : "0層" , "棟數" : "0棟" , "戶數" : "0戶" , "起造人代表人" : "" , "設計人" : "" , "監造人" : "" , "承造人" : "" , "雜項工作物" : "" , "停車空間" : "法定0輛，獎勵0輛，自設0輛" , "發照日期" : "年月日" , "實際開工日期" : "年月日" , "竣工日期" : "年月日" , "qtime" : "" , "樓層概要" : [ ] , "地號" : [ ] , "門牌" : [ ] , "縣市別" : "桃園市"} , { "_id" : { "$oid" : "606f5df7ffa847b759c84bcc"} , "執照類別" : "使用執照" , "核發執照字號" : "(69)桃縣工建使字第00871號" , "原領執照字號" : "" , "變更設計次數" : "00" , "基地面積" : "0㎡" , "建築面積" : "0㎡" , "總樓地板面積" : "0㎡" , "建築物高度" : "0ｍ" , "地下避難面積" : "0㎡" , "法定空地面積" : "0㎡" , "建造類別" : "" , "構造別" : "" , "地上層數" : "0層" , "地下層數" : "0層" , "棟數" : "0棟" , "戶數" : "0戶" , "起造人代表人" : "" , "設計人" : "" , "監造人" : "" , "承造人" : "" , "雜項工作物" : "" , "停車空間" : "法定0輛，獎勵0輛，自設0輛" , "發照日期" : "年月日" , "實際開工日期" : "年月日" , "竣工日期" : "年月日" , "qtime" : "" , "樓層概要" : [ ] , "地號" : [ ] , "門牌" : [ ] , "縣市別" : "桃園市"} , { "_id" : { "$oid" : "606f5df7ffa847b759c84bcd"} , "執照類別" : "使用執照" , "核發執照字號" : "(69)桃縣工建使字第00872號" , "原領執照字號" : "" , "變更設計次數" : "00" , "基地面積" : "0㎡" , "建築面積" : "0㎡" , "總樓地板面積" : "0㎡" , "建築物高度" : "0ｍ" , "地下避難面積" : "0㎡" , "法定空地面積" : "0㎡" , "建造類別" : "" , "構造別" : "" , "地上層數" : "0層" , "地下層數" : "0層" , "棟數" : "0棟" , "戶數" : "0戶" , "起造人代表人" : "" , "設計人" : "" , "監造人" : "" , "承造人" : "" , "雜項工作物" : "" , "停車空間" : "法定0輛，獎勵0輛，自設0輛" , "發照日期" : "年月日" , "實際開工日期" : "年月日" , "竣工日期" : "年月日" , "qtime" : "" , "樓層概要" : [ ] , "地號" : [ ] , "門牌" : [ ] , "縣市別" : "桃園市"} , { "_id" : { "$oid" : "606f5df7ffa847b759c84bce"} , "執照類別" : "使用執照" , "核發執照字號" : "(69)桃縣工建使字第00873號" , "原領執照字號" : "" , "變更設計次數" : "00" , "基地面積" : "0㎡" , "建築面積" : "0㎡" , "總樓地板面積" : "0㎡" , "建築物高度" : "0ｍ" , "地下避難面積" : "0㎡" , "法定空地面積" : "0㎡" , "建造類別" : "" , "構造別" : "" , "地上層數" : "0層" , "地下層數" : "0層" , "棟數" : "0棟" , "戶數" : "0戶" , "起造人代表人" : "" , "設計人" : "" , "監造人" : "" , "承造人" : "" , "雜項工作物" : "" , "停車空間" : "法定0輛，獎勵0輛，自設0輛" , "發照日期" : "年月日" , "實際開工日期" : "年月日" , "竣工日期" : "年月日" , "qtime" : "" , "樓層概要" : [ ] , "地號" : [ ] , "門牌" : [ ] , "縣市別" : "桃園市"} , { "_id" : { "$oid" : "606f5df7ffa847b759c84bcf"} , "執照類別" : "使用執照" , "核發執照字號" : "(69)桃縣工建使字第00874號" , "原領執照字號" : "" , "變更設計次數" : "00" , "基地面積" : "0㎡" , "建築面積" : "0㎡" , "總樓地板面積" : "0㎡" , "建築物高度" : "0ｍ" , "地下避難面積" : "0㎡" , "法定空地面積" : "0㎡" , "建造類別" : "" , "構造別" : "" , "地上層數" : "0層" , "地下層數" : "0層" , "棟數" : "0棟" , "戶數" : "0戶" , "起造人代表人" : "" , "設計人" : "" , "監造人" : "" , "承造人" : "" , "雜項工作物" : "" , "停車空間" : "法定0輛，獎勵0輛，自設0輛" , "發照日期" : "年月日" , "實際開工日期" : "年月日" , "竣工日期" : "年月日" , "qtime" : "" , "樓層概要" : [ ] , "地號" : [ ] , "門牌" : [ ] , "縣市別" : "桃園市"} , { "_id" : { "$oid" : "606f5df7ffa847b759c84bd0"} , "執照類別" : "使用執照" , "核發執照字號" : "(69)桃縣工建使字第00875號" , "原領執照字號" : "" , "變更設計次數" : "00" , "基地面積" : "0㎡" , "建築面積" : "0㎡" , "總樓地板面積" : "0㎡" , "建築物高度" : "0ｍ" , "地下避難面積" : "0㎡" , "法定空地面積" : "0㎡" , "建造類別" : "" , "構造別" : "" , "地上層數" : "0層" , "地下層數" : "0層" , "棟數" : "0棟" , "戶數" : "0戶" , "起造人代表人" : "" , "設計人" : "" , "監造人" : "" , "承造人" : "" , "雜項工作物" : "" , "停車空間" : "法定0輛，獎勵0輛，自設0輛" , "發照日期" : "年月日" , "實際開工日期" : "年月日" , "竣工日期" : "年月日" , "qtime" : "" , "樓層概要" : [ ] , "地號" : [ ] , "門牌" : [ ] , "縣市別" : "桃園市"} , { "_id" : { "$oid" : "606f5df7ffa847b759c84bd1"} , "執照類別" : "使用執照" , "核發執照字號" : "(69)桃縣工建使字第00876號" , "原領執照字號" : "" , "變更設計次數" : "00" , "基地面積" : "0㎡" , "建築面積" : "0㎡" , "總樓地板面積" : "0㎡" , "建築物高度" : "0ｍ" , "地下避難面積" : "0㎡" , "法定空地面積" : "0㎡" , "建造類別" : "" , "構造別" : "" , "地上層數" : "0層" , "地下層數" : "0層" , "棟數" : "0棟" , "戶數" : "0戶" , "起造人代表人" : "" , "設計人" : "" , "監造人" : "" , "承造人" : "" , "雜項工作物" : "" , "停車空間" : "法定0輛，獎勵0輛，自設0輛" , "發照日期" : "年月日" , "實際開工日期" : "年月日" , "竣工日期" : "年月日" , "qtime" : "" , "樓層概要" : [ ] , "地號" : [ ] , "門牌" : [ ] , "縣市別" : "桃園市"}]} 