{"data":[ { "_id" : { "$oid" : "606f5e04ffa847b759c8691e"} , "執照類別" : "使用執照" , "核發執照字號" : "(70)桃縣建管使字第工00483號" , "原領執照字號" : "" , "變更設計次數" : "00" , "基地面積" : "0㎡" , "建築面積" : "0㎡" , "總樓地板面積" : "0㎡" , "建築物高度" : "0ｍ" , "地下避難面積" : "0㎡" , "法定空地面積" : "0㎡" , "建造類別" : "" , "構造別" : "" , "地上層數" : "0層" , "地下層數" : "0層" , "棟數" : "0棟" , "戶數" : "0戶" , "起造人代表人" : "" , "設計人" : "" , "監造人" : "" , "承造人" : "" , "雜項工作物" : "" , "停車空間" : "法定0輛，獎勵0輛，自設0輛" , "發照日期" : "年月日" , "實際開工日期" : "年月日" , "竣工日期" : "年月日" , "qtime" : "" , "樓層概要" : [ ] , "地號" : [ ] , "門牌" : [ ] , "縣市別" : "桃園市"} , { "_id" : { "$oid" : "606f5e04ffa847b759c8691f"} , "執照類別" : "使用執照" , "核發執照字號" : "(70)桃縣建管使字第工00487號" , "原領執照字號" : "" , "變更設計次數" : "00" , "基地面積" : "0㎡" , "建築面積" : "0㎡" , "總樓地板面積" : "0㎡" , "建築物高度" : "0ｍ" , "地下避難面積" : "0㎡" , "法定空地面積" : "0㎡" , "建造類別" : "" , "構造別" : "" , "地上層數" : "0層" , "地下層數" : "0層" , "棟數" : "0棟" , "戶數" : "0戶" , "起造人代表人" : "" , "設計人" : "" , "監造人" : "" , "承造人" : "" , "雜項工作物" : "" , "停車空間" : "法定0輛，獎勵0輛，自設0輛" , "發照日期" : "年月日" , "實際開工日期" : "年月日" , "竣工日期" : "年月日" , "qtime" : "" , "樓層概要" : [ ] , "地號" : [ ] , "門牌" : [ ] , "縣市別" : "桃園市"} , { "_id" : { "$oid" : "606f5e04ffa847b759c86920"} , "執照類別" : "使用執照" , "核發執照字號" : "(70)桃縣建管使字第工00489號" , "原領執照字號" : "" , "變更設計次數" : "00" , "基地面積" : "0㎡" , "建築面積" : "0㎡" , "總樓地板面積" : "0㎡" , "建築物高度" : "0ｍ" , "地下避難面積" : "0㎡" , "法定空地面積" : "0㎡" , "建造類別" : "" , "構造別" : "" , "地上層數" : "0層" , "地下層數" : "0層" , "棟數" : "0棟" , "戶數" : "0戶" , "起造人代表人" : "" , "設計人" : "" , "監造人" : "" , "承造人" : "" , "雜項工作物" : "" , "停車空間" : "法定0輛，獎勵0輛，自設0輛" , "發照日期" : "年月日" , "實際開工日期" : "年月日" , "竣工日期" : "年月日" , "qtime" : "" , "樓層概要" : [ ] , "地號" : [ ] , "門牌" : [ ] , "縣市別" : "桃園市"} , { "_id" : { "$oid" : "606f5e04ffa847b759c86921"} , "執照類別" : "使用執照" , "核發執照字號" : "(70)桃縣建管使字第工00490號" , "原領執照字號" : "" , "變更設計次數" : "00" , "基地面積" : "0㎡" , "建築面積" : "0㎡" , "總樓地板面積" : "0㎡" , "建築物高度" : "0ｍ" , "地下避難面積" : "0㎡" , "法定空地面積" : "0㎡" , "建造類別" : "" , "構造別" : "" , "地上層數" : "0層" , "地下層數" : "0層" , "棟數" : "0棟" , "戶數" : "0戶" , "起造人代表人" : "" , "設計人" : "" , "監造人" : "" , "承造人" : "" , "雜項工作物" : "" , "停車空間" : "法定0輛，獎勵0輛，自設0輛" , "發照日期" : "年月日" , "實際開工日期" : "年月日" , "竣工日期" : "年月日" , "qtime" : "" , "樓層概要" : [ ] , "地號" : [ ] , "門牌" : [ ] , "縣市別" : "桃園市"} , { "_id" : { "$oid" : "606f5e04ffa847b759c86922"} , "執照類別" : "使用執照" , "核發執照字號" : "(70)桃縣建管使字第工00493號" , "原領執照字號" : "" , "變更設計次數" : "00" , "基地面積" : "0㎡" , "建築面積" : "0㎡" , "總樓地板面積" : "0㎡" , "建築物高度" : "0ｍ" , "地下避難面積" : "0㎡" , "法定空地面積" : "0㎡" , "建造類別" : "" , "構造別" : "" , "地上層數" : "0層" , "地下層數" : "0層" , "棟數" : "0棟" , "戶數" : "0戶" , "起造人代表人" : "" , "設計人" : "" , "監造人" : "" , "承造人" : "" , "雜項工作物" : "" , "停車空間" : "法定0輛，獎勵0輛，自設0輛" , "發照日期" : "年月日" , "實際開工日期" : "年月日" , "竣工日期" : "年月日" , "qtime" : "" , "樓層概要" : [ ] , "地號" : [ ] , "門牌" : [ ] , "縣市別" : "桃園市"} , { "_id" : { "$oid" : "606f5e04ffa847b759c86923"} , "執照類別" : "使用執照" , "核發執照字號" : "(70)桃縣建管使字第工00496號" , "原領執照字號" : "" , "變更設計次數" : "00" , "基地面積" : "0㎡" , "建築面積" : "0㎡" , "總樓地板面積" : "0㎡" , "建築物高度" : "0ｍ" , "地下避難面積" : "0㎡" , "法定空地面積" : "0㎡" , "建造類別" : "" , "構造別" : "" , "地上層數" : "0層" , "地下層數" : "0層" , "棟數" : "0棟" , "戶數" : "0戶" , "起造人代表人" : "" , "設計人" : "" , "監造人" : "" , "承造人" : "" , "雜項工作物" : "" , "停車空間" : "法定0輛，獎勵0輛，自設0輛" , "發照日期" : "年月日" , "實際開工日期" : "年月日" , "竣工日期" : "年月日" , "qtime" : "" , "樓層概要" : [ ] , "地號" : [ ] , "門牌" : [ ] , "縣市別" : "桃園市"} , { "_id" : { "$oid" : "606f5e04ffa847b759c86924"} , "執照類別" : "使用執照" , "核發執照字號" : "(70)桃縣建管使字第工00497號" , "原領執照字號" : "" , "變更設計次數" : "00" , "基地面積" : "0㎡" , "建築面積" : "0㎡" , "總樓地板面積" : "0㎡" , "建築物高度" : "0ｍ" , "地下避難面積" : "0㎡" , "法定空地面積" : "0㎡" , "建造類別" : "" , "構造別" : "" , "地上層數" : "0層" , "地下層數" : "0層" , "棟數" : "0棟" , "戶數" : "0戶" , "起造人代表人" : "" , "設計人" : "" , "監造人" : "" , "承造人" : "" , "雜項工作物" : "" , "停車空間" : "法定0輛，獎勵0輛，自設0輛" , "發照日期" : "年月日" , "實際開工日期" : "年月日" , "竣工日期" : "年月日" , "qtime" : "" , "樓層概要" : [ ] , "地號" : [ ] , "門牌" : [ ] , "縣市別" : "桃園市"} , { "_id" : { "$oid" : "606f5e04ffa847b759c86925"} , "執照類別" : "使用執照" , "核發執照字號" : "(70)桃縣建管使字第工00498號" , "原領執照字號" : "" , "變更設計次數" : "00" , "基地面積" : "0㎡" , "建築面積" : "0㎡" , "總樓地板面積" : "0㎡" , "建築物高度" : "0ｍ" , "地下避難面積" : "0㎡" , "法定空地面積" : "0㎡" , "建造類別" : "" , "構造別" : "" , "地上層數" : "0層" , "地下層數" : "0層" , "棟數" : "0棟" , "戶數" : "0戶" , "起造人代表人" : "" , "設計人" : "" , "監造人" : "" , "承造人" : "" , "雜項工作物" : "" , "停車空間" : "法定0輛，獎勵0輛，自設0輛" , "發照日期" : "年月日" , "實際開工日期" : "年月日" , "竣工日期" : "年月日" , "qtime" : "" , "樓層概要" : [ ] , "地號" : [ ] , "門牌" : [ ] , "縣市別" : "桃園市"} , { "_id" : { "$oid" : "606f5e04ffa847b759c86926"} , "執照類別" : "使用執照" , "核發執照字號" : "(70)桃縣建管使字第工00500號" , "原領執照字號" : "" , "變更設計次數" : "00" , "基地面積" : "0㎡" , "建築面積" : "0㎡" , "總樓地板面積" : "0㎡" , "建築物高度" : "0ｍ" , "地下避難面積" : "0㎡" , "法定空地面積" : "0㎡" , "建造類別" : "" , "構造別" : "" , "地上層數" : "0層" , "地下層數" : "0層" , "棟數" : "0棟" , "戶數" : "0戶" , "起造人代表人" : "" , "設計人" : "" , "監造人" : "" , "承造人" : "" , "雜項工作物" : "" , "停車空間" : "法定0輛，獎勵0輛，自設0輛" , "發照日期" : "年月日" , "實際開工日期" : "年月日" , "竣工日期" : "年月日" , "qtime" : "" , "樓層概要" : [ ] , "地號" : [ ] , "門牌" : [ ] , "縣市別" : "桃園市"} , { "_id" : { "$oid" : "606f5e04ffa847b759c86927"} , "執照類別" : "使用執照" , "核發執照字號" : "(70)桃縣建管使字第工00502號" , "原領執照字號" : "" , "變更設計次數" : "00" , "基地面積" : "0㎡" , "建築面積" : "0㎡" , "總樓地板面積" : "0㎡" , "建築物高度" : "0ｍ" , "地下避難面積" : "0㎡" , "法定空地面積" : "0㎡" , "建造類別" : "" , "構造別" : "" , "地上層數" : "0層" , "地下層數" : "0層" , "棟數" : "0棟" , "戶數" : "0戶" , "起造人代表人" : "" , "設計人" : "" , "監造人" : "" , "承造人" : "" , "雜項工作物" : "" , "停車空間" : "法定0輛，獎勵0輛，自設0輛" , "發照日期" : "年月日" , "實際開工日期" : "年月日" , "竣工日期" : "年月日" , "qtime" : "" , "樓層概要" : [ ] , "地號" : [ ] , "門牌" : [ ] , "縣市別" : "桃園市"} , { "_id" : { "$oid" : "606f5e04ffa847b759c86928"} , "執照類別" : "使用執照" , "核發執照字號" : "(70)桃縣建管使字第工00503號" , "原領執照字號" : "" , "變更設計次數" : "00" , "基地面積" : "0㎡" , "建築面積" : "0㎡" , "總樓地板面積" : "0㎡" , "建築物高度" : "0ｍ" , "地下避難面積" : "0㎡" , "法定空地面積" : "0㎡" , "建造類別" : "" , "構造別" : "" , "地上層數" : "0層" , "地下層數" : "0層" , "棟數" : "0棟" , "戶數" : "0戶" , "起造人代表人" : "" , "設計人" : "" , "監造人" : "" , "承造人" : "" , "雜項工作物" : "" , "停車空間" : "法定0輛，獎勵0輛，自設0輛" , "發照日期" : "年月日" , "實際開工日期" : "年月日" , "竣工日期" : "年月日" , "qtime" : "" , "樓層概要" : [ ] , "地號" : [ ] , "門牌" : [ ] , "縣市別" : "桃園市"} , { "_id" : { "$oid" : "606f5e04ffa847b759c86929"} , "執照類別" : "使用執照" , "核發執照字號" : "(70)桃縣建管使字第工00504號" , "原領執照字號" : "" , "變更設計次數" : "00" , "基地面積" : "0㎡" , "建築面積" : "0㎡" , "總樓地板面積" : "0㎡" , "建築物高度" : "0ｍ" , "地下避難面積" : "0㎡" , "法定空地面積" : "0㎡" , "建造類別" : "" , "構造別" : "" , "地上層數" : "0層" , "地下層數" : "0層" , "棟數" : "0棟" , "戶數" : "0戶" , "起造人代表人" : "" , "設計人" : "" , "監造人" : "" , "承造人" : "" , "雜項工作物" : "" , "停車空間" : "法定0輛，獎勵0輛，自設0輛" , "發照日期" : "年月日" , "實際開工日期" : "年月日" , "竣工日期" : "年月日" , "qtime" : "" , "樓層概要" : [ ] , "地號" : [ ] , "門牌" : [ ] , "縣市別" : "桃園市"} , { "_id" : { "$oid" : "606f5e04ffa847b759c8692a"} , "執照類別" : "使用執照" , "核發執照字號" : "(70)桃縣建管使字第工00505號" , "原領執照字號" : "" , "變更設計次數" : "00" , "基地面積" : "0㎡" , "建築面積" : "0㎡" , "總樓地板面積" : "0㎡" , "建築物高度" : "0ｍ" , "地下避難面積" : "0㎡" , "法定空地面積" : "0㎡" , "建造類別" : "" , "構造別" : "" , "地上層數" : "0層" , "地下層數" : "0層" , "棟數" : "0棟" , "戶數" : "0戶" , "起造人代表人" : "" , "設計人" : "" , "監造人" : "" , "承造人" : "" , "雜項工作物" : "" , "停車空間" : "法定0輛，獎勵0輛，自設0輛" , "發照日期" : "年月日" , "實際開工日期" : "年月日" , "竣工日期" : "年月日" , "qtime" : "" , "樓層概要" : [ ] , "地號" : [ ] , "門牌" : [ ] , "縣市別" : "桃園市"} , { "_id" : { "$oid" : "606f5e04ffa847b759c8692b"} , "執照類別" : "使用執照" , "核發執照字號" : "(70)桃縣建管使字第工00506號" , "原領執照字號" : "" , "變更設計次數" : "00" , "基地面積" : "0㎡" , "建築面積" : "0㎡" , "總樓地板面積" : "0㎡" , "建築物高度" : "0ｍ" , "地下避難面積" : "0㎡" , "法定空地面積" : "0㎡" , "建造類別" : "" , "構造別" : "" , "地上層數" : "0層" , "地下層數" : "0層" , "棟數" : "0棟" , "戶數" : "0戶" , "起造人代表人" : "" , "設計人" : "" , "監造人" : "" , "承造人" : "" , "雜項工作物" : "" , "停車空間" : "法定0輛，獎勵0輛，自設0輛" , "發照日期" : "年月日" , "實際開工日期" : "年月日" , "竣工日期" : "年月日" , "qtime" : "" , "樓層概要" : [ ] , "地號" : [ ] , "門牌" : [ ] , "縣市別" : "桃園市"} , { "_id" : { "$oid" : "606f5e04ffa847b759c8692c"} , "執照類別" : "使用執照" , "核發執照字號" : "(70)桃縣建管使字第工00509號" , "原領執照字號" : "" , "變更設計次數" : "00" , "基地面積" : "0㎡" , "建築面積" : "0㎡" , "總樓地板面積" : "0㎡" , "建築物高度" : "0ｍ" , "地下避難面積" : "0㎡" , "法定空地面積" : "0㎡" , "建造類別" : "" , "構造別" : "" , "地上層數" : "0層" , "地下層數" : "0層" , "棟數" : "0棟" , "戶數" : "0戶" , "起造人代表人" : "" , "設計人" : "" , "監造人" : "" , "承造人" : "" , "雜項工作物" : "" , "停車空間" : "法定0輛，獎勵0輛，自設0輛" , "發照日期" : "年月日" , "實際開工日期" : "年月日" , "竣工日期" : "年月日" , "qtime" : "" , "樓層概要" : [ ] , "地號" : [ ] , "門牌" : [ ] , "縣市別" : "桃園市"} , { "_id" : { "$oid" : "606f5e04ffa847b759c8692d"} , "執照類別" : "使用執照" , "核發執照字號" : "(70)桃縣建管使字第工00510號" , "原領執照字號" : "" , "變更設計次數" : "00" , "基地面積" : "0㎡" , "建築面積" : "0㎡" , "總樓地板面積" : "0㎡" , "建築物高度" : "0ｍ" , "地下避難面積" : "0㎡" , "法定空地面積" : "0㎡" , "建造類別" : "" , "構造別" : "" , "地上層數" : "0層" , "地下層數" : "0層" , "棟數" : "0棟" , "戶數" : "0戶" , "起造人代表人" : "" , "設計人" : "" , "監造人" : "" , "承造人" : "" , "雜項工作物" : "" , "停車空間" : "法定0輛，獎勵0輛，自設0輛" , "發照日期" : "年月日" , "實際開工日期" : "年月日" , "竣工日期" : "年月日" , "qtime" : "" , "樓層概要" : [ ] , "地號" : [ ] , "門牌" : [ ] , "縣市別" : "桃園市"} , { "_id" : { "$oid" : "606f5e04ffa847b759c8692e"} , "執照類別" : "使用執照" , "核發執照字號" : "(70)桃縣建管使字第工00511號" , "原領執照字號" : "" , "變更設計次數" : "00" , "基地面積" : "0㎡" , "建築面積" : "0㎡" , "總樓地板面積" : "0㎡" , "建築物高度" : "0ｍ" , "地下避難面積" : "0㎡" , "法定空地面積" : "0㎡" , "建造類別" : "" , "構造別" : "" , "地上層數" : "0層" , "地下層數" : "0層" , "棟數" : "0棟" , "戶數" : "0戶" , "起造人代表人" : "" , "設計人" : "" , "監造人" : "" , "承造人" : "" , "雜項工作物" : "" , "停車空間" : "法定0輛，獎勵0輛，自設0輛" , "發照日期" : "年月日" , "實際開工日期" : "年月日" , "竣工日期" : "年月日" , "qtime" : "" , "樓層概要" : [ ] , "地號" : [ ] , "門牌" : [ ] , "縣市別" : "桃園市"} , { "_id" : { "$oid" : "606f5e04ffa847b759c8692f"} , "執照類別" : "使用執照" , "核發執照字號" : "(70)桃縣建管使字第工00512號" , "原領執照字號" : "" , "變更設計次數" : "00" , "基地面積" : "0㎡" , "建築面積" : "0㎡" , "總樓地板面積" : "0㎡" , "建築物高度" : "0ｍ" , "地下避難面積" : "0㎡" , "法定空地面積" : "0㎡" , "建造類別" : "" , "構造別" : "" , "地上層數" : "0層" , "地下層數" : "0層" , "棟數" : "0棟" , "戶數" : "0戶" , "起造人代表人" : "" , "設計人" : "" , "監造人" : "" , "承造人" : "" , "雜項工作物" : "" , "停車空間" : "法定0輛，獎勵0輛，自設0輛" , "發照日期" : "年月日" , "實際開工日期" : "年月日" , "竣工日期" : "年月日" , "qtime" : "" , "樓層概要" : [ ] , "地號" : [ ] , "門牌" : [ ] , "縣市別" : "桃園市"} , { "_id" : { "$oid" : "606f5e04ffa847b759c86930"} , "執照類別" : "使用執照" , "核發執照字號" : "(70)桃縣建管使字第工00513號" , "原領執照字號" : "" , "變更設計次數" : "00" , "基地面積" : "0㎡" , "建築面積" : "0㎡" , "總樓地板面積" : "0㎡" , "建築物高度" : "0ｍ" , "地下避難面積" : "0㎡" , "法定空地面積" : "0㎡" , "建造類別" : "" , "構造別" : "" , "地上層數" : "0層" , "地下層數" : "0層" , "棟數" : "0棟" , "戶數" : "0戶" , "起造人代表人" : "" , "設計人" : "" , "監造人" : "" , "承造人" : "" , "雜項工作物" : "" , "停車空間" : "法定0輛，獎勵0輛，自設0輛" , "發照日期" : "年月日" , "實際開工日期" : "年月日" , "竣工日期" : "年月日" , "qtime" : "" , "樓層概要" : [ ] , "地號" : [ ] , "門牌" : [ ] , "縣市別" : "桃園市"} , { "_id" : { "$oid" : "606f5e04ffa847b759c86931"} , "執照類別" : "使用執照" , "核發執照字號" : "(70)桃縣建管使字第工00514號" , "原領執照字號" : "" , "變更設計次數" : "00" , "基地面積" : "0㎡" , "建築面積" : "0㎡" , "總樓地板面積" : "0㎡" , "建築物高度" : "0ｍ" , "地下避難面積" : "0㎡" , "法定空地面積" : "0㎡" , "建造類別" : "" , "構造別" : "" , "地上層數" : "0層" , "地下層數" : "0層" , "棟數" : "0棟" , "戶數" : "0戶" , "起造人代表人" : "" , "設計人" : "" , "監造人" : "" , "承造人" : "" , "雜項工作物" : "" , "停車空間" : "法定0輛，獎勵0輛，自設0輛" , "發照日期" : "年月日" , "實際開工日期" : "年月日" , "竣工日期" : "年月日" , "qtime" : "" , "樓層概要" : [ ] , "地號" : [ ] , "門牌" : [ ] , "縣市別" : "桃園市"} , { "_id" : { "$oid" : "606f5e04ffa847b759c86932"} , "執照類別" : "使用執照" , "核發執照字號" : "(70)桃縣建管使字第工00516號" , "原領執照字號" : "" , "變更設計次數" : "00" , "基地面積" : "0㎡" , "建築面積" : "0㎡" , "總樓地板面積" : "0㎡" , "建築物高度" : "0ｍ" , "地下避難面積" : "0㎡" , "法定空地面積" : "0㎡" , "建造類別" : "" , "構造別" : "" , "地上層數" : "0層" , "地下層數" : "0層" , "棟數" : "0棟" , "戶數" : "0戶" , "起造人代表人" : "" , "設計人" : "" , "監造人" : "" , "承造人" : "" , "雜項工作物" : "" , "停車空間" : "法定0輛，獎勵0輛，自設0輛" , "發照日期" : "年月日" , "實際開工日期" : "年月日" , "竣工日期" : "年月日" , "qtime" : "" , "樓層概要" : [ ] , "地號" : [ ] , "門牌" : [ ] , "縣市別" : "桃園市"} , { "_id" : { "$oid" : "606f5e04ffa847b759c86933"} , "執照類別" : "使用執照" , "核發執照字號" : "(70)桃縣建管使字第工00517號" , "原領執照字號" : "" , "變更設計次數" : "00" , "基地面積" : "0㎡" , "建築面積" : "0㎡" , "總樓地板面積" : "0㎡" , "建築物高度" : "0ｍ" , "地下避難面積" : "0㎡" , "法定空地面積" : "0㎡" , "建造類別" : "" , "構造別" : "" , "地上層數" : "0層" , "地下層數" : "0層" , "棟數" : "0棟" , "戶數" : "0戶" , "起造人代表人" : "" , "設計人" : "" , "監造人" : "" , "承造人" : "" , "雜項工作物" : "" , "停車空間" : "法定0輛，獎勵0輛，自設0輛" , "發照日期" : "年月日" , "實際開工日期" : "年月日" , "竣工日期" : "年月日" , "qtime" : "" , "樓層概要" : [ ] , "地號" : [ ] , "門牌" : [ ] , "縣市別" : "桃園市"} , { "_id" : { "$oid" : "606f5e04ffa847b759c86934"} , "執照類別" : "使用執照" , "核發執照字號" : "(70)桃縣建管使字第工00518號" , "原領執照字號" : "" , "變更設計次數" : "00" , "基地面積" : "0㎡" , "建築面積" : "0㎡" , "總樓地板面積" : "0㎡" , "建築物高度" : "0ｍ" , "地下避難面積" : "0㎡" , "法定空地面積" : "0㎡" , "建造類別" : "" , "構造別" : "" , "地上層數" : "0層" , "地下層數" : "0層" , "棟數" : "0棟" , "戶數" : "0戶" , "起造人代表人" : "" , "設計人" : "" , "監造人" : "" , "承造人" : "" , "雜項工作物" : "" , "停車空間" : "法定0輛，獎勵0輛，自設0輛" , "發照日期" : "年月日" , "實際開工日期" : "年月日" , "竣工日期" : "年月日" , "qtime" : "" , "樓層概要" : [ ] , "地號" : [ ] , "門牌" : [ ] , "縣市別" : "桃園市"} , { "_id" : { "$oid" : "606f5e04ffa847b759c86935"} , "執照類別" : "使用執照" , "核發執照字號" : "(70)桃縣建管使字第工00520號" , "原領執照字號" : "" , "變更設計次數" : "00" , "基地面積" : "0㎡" , "建築面積" : "0㎡" , "總樓地板面積" : "0㎡" , "建築物高度" : "0ｍ" , "地下避難面積" : "0㎡" , "法定空地面積" : "0㎡" , "建造類別" : "" , "構造別" : "" , "地上層數" : "0層" , "地下層數" : "0層" , "棟數" : "0棟" , "戶數" : "0戶" , "起造人代表人" : "" , "設計人" : "" , "監造人" : "" , "承造人" : "" , "雜項工作物" : "" , "停車空間" : "法定0輛，獎勵0輛，自設0輛" , "發照日期" : "年月日" , "實際開工日期" : "年月日" , "竣工日期" : "年月日" , "qtime" : "" , "樓層概要" : [ ] , "地號" : [ ] , "門牌" : [ ] , "縣市別" : "桃園市"} , { "_id" : { "$oid" : "606f5e04ffa847b759c86936"} , "執照類別" : "使用執照" , "核發執照字號" : "(70)桃縣建管使字第工00521號" , "原領執照字號" : "" , "變更設計次數" : "00" , "基地面積" : "0㎡" , "建築面積" : "0㎡" , "總樓地板面積" : "0㎡" , "建築物高度" : "0ｍ" , "地下避難面積" : "0㎡" , "法定空地面積" : "0㎡" , "建造類別" : "" , "構造別" : "" , "地上層數" : "0層" , "地下層數" : "0層" , "棟數" : "0棟" , "戶數" : "0戶" , "起造人代表人" : "" , "設計人" : "" , "監造人" : "" , "承造人" : "" , "雜項工作物" : "" , "停車空間" : "法定0輛，獎勵0輛，自設0輛" , "發照日期" : "年月日" , "實際開工日期" : "年月日" , "竣工日期" : "年月日" , "qtime" : "" , "樓層概要" : [ ] , "地號" : [ ] , "門牌" : [ ] , "縣市別" : "桃園市"} , { "_id" : { "$oid" : "606f5e04ffa847b759c86937"} , "執照類別" : "使用執照" , "核發執照字號" : "(70)桃縣建管使字第工00522號" , "原領執照字號" : "" , "變更設計次數" : "00" , "基地面積" : "0㎡" , "建築面積" : "0㎡" , "總樓地板面積" : "0㎡" , "建築物高度" : "0ｍ" , "地下避難面積" : "0㎡" , "法定空地面積" : "0㎡" , "建造類別" : "" , "構造別" : "" , "地上層數" : "0層" , "地下層數" : "0層" , "棟數" : "0棟" , "戶數" : "0戶" , "起造人代表人" : "" , "設計人" : "" , "監造人" : "" , "承造人" : "" , "雜項工作物" : "" , "停車空間" : "法定0輛，獎勵0輛，自設0輛" , "發照日期" : "年月日" , "實際開工日期" : "年月日" , "竣工日期" : "年月日" , "qtime" : "" , "樓層概要" : [ ] , "地號" : [ ] , "門牌" : [ ] , "縣市別" : "桃園市"} , { "_id" : { "$oid" : "606f5e04ffa847b759c86938"} , "執照類別" : "使用執照" , "核發執照字號" : "(70)桃縣建管使字第工00523號" , "原領執照字號" : "" , "變更設計次數" : "00" , "基地面積" : "0㎡" , "建築面積" : "0㎡" , "總樓地板面積" : "0㎡" , "建築物高度" : "0ｍ" , "地下避難面積" : "0㎡" , "法定空地面積" : "0㎡" , "建造類別" : "" , "構造別" : "" , "地上層數" : "0層" , "地下層數" : "0層" , "棟數" : "0棟" , "戶數" : "0戶" , "起造人代表人" : "" , "設計人" : "" , "監造人" : "" , "承造人" : "" , "雜項工作物" : "" , "停車空間" : "法定0輛，獎勵0輛，自設0輛" , "發照日期" : "年月日" , "實際開工日期" : "年月日" , "竣工日期" : "年月日" , "qtime" : "" , "樓層概要" : [ ] , "地號" : [ ] , "門牌" : [ ] , "縣市別" : "桃園市"} , { "_id" : { "$oid" : "606f5e04ffa847b759c86939"} , "執照類別" : "使用執照" , "核發執照字號" : "(70)桃縣建管使字第工00524號" , "原領執照字號" : "" , "變更設計次數" : "00" , "基地面積" : "0㎡" , "建築面積" : "0㎡" , "總樓地板面積" : "0㎡" , "建築物高度" : "0ｍ" , "地下避難面積" : "0㎡" , "法定空地面積" : "0㎡" , "建造類別" : "" , "構造別" : "" , "地上層數" : "0層" , "地下層數" : "0層" , "棟數" : "0棟" , "戶數" : "0戶" , "起造人代表人" : "" , "設計人" : "" , "監造人" : "" , "承造人" : "" , "雜項工作物" : "" , "停車空間" : "法定0輛，獎勵0輛，自設0輛" , "發照日期" : "年月日" , "實際開工日期" : "年月日" , "竣工日期" : "年月日" , "qtime" : "" , "樓層概要" : [ ] , "地號" : [ ] , "門牌" : [ ] , "縣市別" : "桃園市"} , { "_id" : { "$oid" : "606f5e04ffa847b759c8693a"} , "執照類別" : "使用執照" , "核發執照字號" : "(70)桃縣建管使字第工00525號" , "原領執照字號" : "" , "變更設計次數" : "00" , "基地面積" : "0㎡" , "建築面積" : "0㎡" , "總樓地板面積" : "0㎡" , "建築物高度" : "0ｍ" , "地下避難面積" : "0㎡" , "法定空地面積" : "0㎡" , "建造類別" : "" , "構造別" : "" , "地上層數" : "0層" , "地下層數" : "0層" , "棟數" : "0棟" , "戶數" : "0戶" , "起造人代表人" : "" , "設計人" : "" , "監造人" : "" , "承造人" : "" , "雜項工作物" : "" , "停車空間" : "法定0輛，獎勵0輛，自設0輛" , "發照日期" : "年月日" , "實際開工日期" : "年月日" , "竣工日期" : "年月日" , "qtime" : "" , "樓層概要" : [ ] , "地號" : [ ] , "門牌" : [ ] , "縣市別" : "桃園市"} , { "_id" : { "$oid" : "606f5e04ffa847b759c8693b"} , "執照類別" : "使用執照" , "核發執照字號" : "(70)桃縣建管使字第工00528號" , "原領執照字號" : "" , "變更設計次數" : "00" , "基地面積" : "0㎡" , "建築面積" : "0㎡" , "總樓地板面積" : "0㎡" , "建築物高度" : "0ｍ" , "地下避難面積" : "0㎡" , "法定空地面積" : "0㎡" , "建造類別" : "" , "構造別" : "" , "地上層數" : "0層" , "地下層數" : "0層" , "棟數" : "0棟" , "戶數" : "0戶" , "起造人代表人" : "" , "設計人" : "" , "監造人" : "" , "承造人" : "" , "雜項工作物" : "" , "停車空間" : "法定0輛，獎勵0輛，自設0輛" , "發照日期" : "年月日" , "實際開工日期" : "年月日" , "竣工日期" : "年月日" , "qtime" : "" , "樓層概要" : [ ] , "地號" : [ ] , "門牌" : [ ] , "縣市別" : "桃園市"} , { "_id" : { "$oid" : "606f5e04ffa847b759c8693c"} , "執照類別" : "使用執照" , "核發執照字號" : "(70)桃縣建管使字第工00529號" , "原領執照字號" : "" , "變更設計次數" : "00" , "基地面積" : "0㎡" , "建築面積" : "0㎡" , "總樓地板面積" : "0㎡" , "建築物高度" : "0ｍ" , "地下避難面積" : "0㎡" , "法定空地面積" : "0㎡" , "建造類別" : "" , "構造別" : "" , "地上層數" : "0層" , "地下層數" : "0層" , "棟數" : "0棟" , "戶數" : "0戶" , "起造人代表人" : "" , "設計人" : "" , "監造人" : "" , "承造人" : "" , "雜項工作物" : "" , "停車空間" : "法定0輛，獎勵0輛，自設0輛" , "發照日期" : "年月日" , "實際開工日期" : "年月日" , "竣工日期" : "年月日" , "qtime" : "" , "樓層概要" : [ ] , "地號" : [ ] , "門牌" : [ ] , "縣市別" : "桃園市"} , { "_id" : { "$oid" : "606f5e04ffa847b759c8693d"} , "執照類別" : "使用執照" , "核發執照字號" : "(70)桃縣建管使字第工00530號" , "原領執照字號" : "" , "變更設計次數" : "00" , "基地面積" : "0㎡" , "建築面積" : "0㎡" , "總樓地板面積" : "0㎡" , "建築物高度" : "0ｍ" , "地下避難面積" : "0㎡" , "法定空地面積" : "0㎡" , "建造類別" : "" , "構造別" : "" , "地上層數" : "0層" , "地下層數" : "0層" , "棟數" : "0棟" , "戶數" : "0戶" , "起造人代表人" : "" , "設計人" : "" , "監造人" : "" , "承造人" : "" , "雜項工作物" : "" , "停車空間" : "法定0輛，獎勵0輛，自設0輛" , "發照日期" : "年月日" , "實際開工日期" : "年月日" , "竣工日期" : "年月日" , "qtime" : "" , "樓層概要" : [ ] , "地號" : [ ] , "門牌" : [ ] , "縣市別" : "桃園市"} , { "_id" : { "$oid" : "606f5e04ffa847b759c8693e"} , "執照類別" : "使用執照" , "核發執照字號" : "(70)桃縣建管使字第工00531號" , "原領執照字號" : "" , "變更設計次數" : "00" , "基地面積" : "0㎡" , "建築面積" : "0㎡" , "總樓地板面積" : "0㎡" , "建築物高度" : "0ｍ" , "地下避難面積" : "0㎡" , "法定空地面積" : "0㎡" , "建造類別" : "" , "構造別" : "" , "地上層數" : "0層" , "地下層數" : "0層" , "棟數" : "0棟" , "戶數" : "0戶" , "起造人代表人" : "" , "設計人" : "" , "監造人" : "" , "承造人" : "" , "雜項工作物" : "" , "停車空間" : "法定0輛，獎勵0輛，自設0輛" , "發照日期" : "年月日" , "實際開工日期" : "年月日" , "竣工日期" : "年月日" , "qtime" : "" , "樓層概要" : [ ] , "地號" : [ ] , "門牌" : [ ] , "縣市別" : "桃園市"} , { "_id" : { "$oid" : "606f5e04ffa847b759c8693f"} , "執照類別" : "使用執照" , "核發執照字號" : "(70)桃縣建管使字第工00533號" , "原領執照字號" : "" , "變更設計次數" : "00" , "基地面積" : "0㎡" , "建築面積" : "0㎡" , "總樓地板面積" : "0㎡" , "建築物高度" : "0ｍ" , "地下避難面積" : "0㎡" , "法定空地面積" : "0㎡" , "建造類別" : "" , "構造別" : "" , "地上層數" : "0層" , "地下層數" : "0層" , "棟數" : "0棟" , "戶數" : "0戶" , "起造人代表人" : "" , "設計人" : "" , "監造人" : "" , "承造人" : "" , "雜項工作物" : "" , "停車空間" : "法定0輛，獎勵0輛，自設0輛" , "發照日期" : "年月日" , "實際開工日期" : "年月日" , "竣工日期" : "年月日" , "qtime" : "" , "樓層概要" : [ ] , "地號" : [ ] , "門牌" : [ ] , "縣市別" : "桃園市"} , { "_id" : { "$oid" : "606f5e04ffa847b759c86940"} , "執照類別" : "使用執照" , "核發執照字號" : "(70)桃縣建管使字第工00534號" , "原領執照字號" : "" , "變更設計次數" : "00" , "基地面積" : "0㎡" , "建築面積" : "0㎡" , "總樓地板面積" : "0㎡" , "建築物高度" : "0ｍ" , "地下避難面積" : "0㎡" , "法定空地面積" : "0㎡" , "建造類別" : "" , "構造別" : "" , "地上層數" : "0層" , "地下層數" : "0層" , "棟數" : "0棟" , "戶數" : "0戶" , "起造人代表人" : "" , "設計人" : "" , "監造人" : "" , "承造人" : "" , "雜項工作物" : "" , "停車空間" : "法定0輛，獎勵0輛，自設0輛" , "發照日期" : "年月日" , "實際開工日期" : "年月日" , "竣工日期" : "年月日" , "qtime" : "" , "樓層概要" : [ ] , "地號" : [ ] , "門牌" : [ ] , "縣市別" : "桃園市"} , { "_id" : { "$oid" : "606f5e04ffa847b759c86941"} , "執照類別" : "使用執照" , "核發執照字號" : "(70)桃縣建管使字第工00535號" , "原領執照字號" : "" , "變更設計次數" : "00" , "基地面積" : "0㎡" , "建築面積" : "0㎡" , "總樓地板面積" : "0㎡" , "建築物高度" : "0ｍ" , "地下避難面積" : "0㎡" , "法定空地面積" : "0㎡" , "建造類別" : "" , "構造別" : "" , "地上層數" : "0層" , "地下層數" : "0層" , "棟數" : "0棟" , "戶數" : "0戶" , "起造人代表人" : "" , "設計人" : "" , "監造人" : "" , "承造人" : "" , "雜項工作物" : "" , "停車空間" : "法定0輛，獎勵0輛，自設0輛" , "發照日期" : "年月日" , "實際開工日期" : "年月日" , "竣工日期" : "年月日" , "qtime" : "" , "樓層概要" : [ ] , "地號" : [ ] , "門牌" : [ ] , "縣市別" : "桃園市"} , { "_id" : { "$oid" : "606f5e04ffa847b759c86942"} , "執照類別" : "使用執照" , "核發執照字號" : "(70)桃縣建管使字第工00537號" , "原領執照字號" : "" , "變更設計次數" : "00" , "基地面積" : "0㎡" , "建築面積" : "0㎡" , "總樓地板面積" : "0㎡" , "建築物高度" : "0ｍ" , "地下避難面積" : "0㎡" , "法定空地面積" : "0㎡" , "建造類別" : "" , "構造別" : "" , "地上層數" : "0層" , "地下層數" : "0層" , "棟數" : "0棟" , "戶數" : "0戶" , "起造人代表人" : "" , "設計人" : "" , "監造人" : "" , "承造人" : "" , "雜項工作物" : "" , "停車空間" : "法定0輛，獎勵0輛，自設0輛" , "發照日期" : "年月日" , "實際開工日期" : "年月日" , "竣工日期" : "年月日" , "qtime" : "" , "樓層概要" : [ ] , "地號" : [ ] , "門牌" : [ ] , "縣市別" : "桃園市"} , { "_id" : { "$oid" : "606f5e04ffa847b759c86943"} , "執照類別" : "使用執照" , "核發執照字號" : "(70)桃縣建管使字第工00538號" , "原領執照字號" : "" , "變更設計次數" : "00" , "基地面積" : "0㎡" , "建築面積" : "0㎡" , "總樓地板面積" : "0㎡" , "建築物高度" : "0ｍ" , "地下避難面積" : "0㎡" , "法定空地面積" : "0㎡" , "建造類別" : "" , "構造別" : "" , "地上層數" : "0層" , "地下層數" : "0層" , "棟數" : "0棟" , "戶數" : "0戶" , "起造人代表人" : "" , "設計人" : "" , "監造人" : "" , "承造人" : "" , "雜項工作物" : "" , "停車空間" : "法定0輛，獎勵0輛，自設0輛" , "發照日期" : "年月日" , "實際開工日期" : "年月日" , "竣工日期" : "年月日" , "qtime" : "" , "樓層概要" : [ ] , "地號" : [ ] , "門牌" : [ ] , "縣市別" : "桃園市"} , { "_id" : { "$oid" : "606f5e04ffa847b759c86944"} , "執照類別" : "使用執照" , "核發執照字號" : "(70)桃縣建管使字第工00539號" , "原領執照字號" : "" , "變更設計次數" : "00" , "基地面積" : "0㎡" , "建築面積" : "0㎡" , "總樓地板面積" : "0㎡" , "建築物高度" : "0ｍ" , "地下避難面積" : "0㎡" , "法定空地面積" : "0㎡" , "建造類別" : "" , "構造別" : "" , "地上層數" : "0層" , "地下層數" : "0層" , "棟數" : "0棟" , "戶數" : "0戶" , "起造人代表人" : "" , "設計人" : "" , "監造人" : "" , "承造人" : "" , "雜項工作物" : "" , "停車空間" : "法定0輛，獎勵0輛，自設0輛" , "發照日期" : "年月日" , "實際開工日期" : "年月日" , "竣工日期" : "年月日" , "qtime" : "" , "樓層概要" : [ ] , "地號" : [ ] , "門牌" : [ ] , "縣市別" : "桃園市"} , { "_id" : { "$oid" : "606f5e04ffa847b759c86945"} , "執照類別" : "使用執照" , "核發執照字號" : "(70)桃縣建管使字第工00542號" , "原領執照字號" : "" , "變更設計次數" : "00" , "基地面積" : "0㎡" , "建築面積" : "0㎡" , "總樓地板面積" : "0㎡" , "建築物高度" : "0ｍ" , "地下避難面積" : "0㎡" , "法定空地面積" : "0㎡" , "建造類別" : "" , "構造別" : "" , "地上層數" : "0層" , "地下層數" : "0層" , "棟數" : "0棟" , "戶數" : "0戶" , "起造人代表人" : "" , "設計人" : "" , "監造人" : "" , "承造人" : "" , "雜項工作物" : "" , "停車空間" : "法定0輛，獎勵0輛，自設0輛" , "發照日期" : "年月日" , "實際開工日期" : "年月日" , "竣工日期" : "年月日" , "qtime" : "" , "樓層概要" : [ ] , "地號" : [ ] , "門牌" : [ ] , "縣市別" : "桃園市"} , { "_id" : { "$oid" : "606f5e04ffa847b759c86946"} , "執照類別" : "使用執照" , "核發執照字號" : "(70)桃縣建管使字第工00544號" , "原領執照字號" : "" , "變更設計次數" : "00" , "基地面積" : "0㎡" , "建築面積" : "0㎡" , "總樓地板面積" : "0㎡" , "建築物高度" : "0ｍ" , "地下避難面積" : "0㎡" , "法定空地面積" : "0㎡" , "建造類別" : "" , "構造別" : "" , "地上層數" : "0層" , "地下層數" : "0層" , "棟數" : "0棟" , "戶數" : "0戶" , "起造人代表人" : "" , "設計人" : "" , "監造人" : "" , "承造人" : "" , "雜項工作物" : "" , "停車空間" : "法定0輛，獎勵0輛，自設0輛" , "發照日期" : "年月日" , "實際開工日期" : "年月日" , "竣工日期" : "年月日" , "qtime" : "" , "樓層概要" : [ ] , "地號" : [ ] , "門牌" : [ ] , "縣市別" : "桃園市"} , { "_id" : { "$oid" : "606f5e04ffa847b759c86947"} , "執照類別" : "使用執照" , "核發執照字號" : "(70)桃縣建管使字第工00545號" , "原領執照字號" : "" , "變更設計次數" : "00" , "基地面積" : "0㎡" , "建築面積" : "0㎡" , "總樓地板面積" : "0㎡" , "建築物高度" : "0ｍ" , "地下避難面積" : "0㎡" , "法定空地面積" : "0㎡" , "建造類別" : "" , "構造別" : "" , "地上層數" : "0層" , "地下層數" : "0層" , "棟數" : "0棟" , "戶數" : "0戶" , "起造人代表人" : "" , "設計人" : "" , "監造人" : "" , "承造人" : "" , "雜項工作物" : "" , "停車空間" : "法定0輛，獎勵0輛，自設0輛" , "發照日期" : "年月日" , "實際開工日期" : "年月日" , "竣工日期" : "年月日" , "qtime" : "" , "樓層概要" : [ ] , "地號" : [ ] , "門牌" : [ ] , "縣市別" : "桃園市"} , { "_id" : { "$oid" : "606f5e04ffa847b759c86948"} , "執照類別" : "使用執照" , "核發執照字號" : "(70)桃縣建管使字第工00550號" , "原領執照字號" : "" , "變更設計次數" : "00" , "基地面積" : "0㎡" , "建築面積" : "0㎡" , "總樓地板面積" : "0㎡" , "建築物高度" : "0ｍ" , "地下避難面積" : "0㎡" , "法定空地面積" : "0㎡" , "建造類別" : "" , "構造別" : "" , "地上層數" : "0層" , "地下層數" : "0層" , "棟數" : "0棟" , "戶數" : "0戶" , "起造人代表人" : "" , "設計人" : "" , "監造人" : "" , "承造人" : "" , "雜項工作物" : "" , "停車空間" : "法定0輛，獎勵0輛，自設0輛" , "發照日期" : "年月日" , "實際開工日期" : "年月日" , "竣工日期" : "年月日" , "qtime" : "" , "樓層概要" : [ ] , "地號" : [ ] , "門牌" : [ ] , "縣市別" : "桃園市"} , { "_id" : { "$oid" : "606f5e04ffa847b759c86949"} , "執照類別" : "使用執照" , "核發執照字號" : "(70)桃縣建管使字第工00551號" , "原領執照字號" : "" , "變更設計次數" : "00" , "基地面積" : "0㎡" , "建築面積" : "0㎡" , "總樓地板面積" : "0㎡" , "建築物高度" : "0ｍ" , "地下避難面積" : "0㎡" , "法定空地面積" : "0㎡" , "建造類別" : "" , "構造別" : "" , "地上層數" : "0層" , "地下層數" : "0層" , "棟數" : "0棟" , "戶數" : "0戶" , "起造人代表人" : "" , "設計人" : "" , "監造人" : "" , "承造人" : "" , "雜項工作物" : "" , "停車空間" : "法定0輛，獎勵0輛，自設0輛" , "發照日期" : "年月日" , "實際開工日期" : "年月日" , "竣工日期" : "年月日" , "qtime" : "" , "樓層概要" : [ ] , "地號" : [ ] , "門牌" : [ ] , "縣市別" : "桃園市"} , { "_id" : { "$oid" : "606f5e04ffa847b759c8694a"} , "執照類別" : "使用執照" , "核發執照字號" : "(70)桃縣建管使字第工00552號" , "原領執照字號" : "" , "變更設計次數" : "00" , "基地面積" : "0㎡" , "建築面積" : "0㎡" , "總樓地板面積" : "0㎡" , "建築物高度" : "0ｍ" , "地下避難面積" : "0㎡" , "法定空地面積" : "0㎡" , "建造類別" : "" , "構造別" : "" , "地上層數" : "0層" , "地下層數" : "0層" , "棟數" : "0棟" , "戶數" : "0戶" , "起造人代表人" : "" , "設計人" : "" , "監造人" : "" , "承造人" : "" , "雜項工作物" : "" , "停車空間" : "法定0輛，獎勵0輛，自設0輛" , "發照日期" : "年月日" , "實際開工日期" : "年月日" , "竣工日期" : "年月日" , "qtime" : "" , "樓層概要" : [ ] , "地號" : [ ] , "門牌" : [ ] , "縣市別" : "桃園市"} , { "_id" : { "$oid" : "606f5e04ffa847b759c8694b"} , "執照類別" : "使用執照" , "核發執照字號" : "(70)桃縣建管使字第工00554號" , "原領執照字號" : "" , "變更設計次數" : "00" , "基地面積" : "0㎡" , "建築面積" : "0㎡" , "總樓地板面積" : "0㎡" , "建築物高度" : "0ｍ" , "地下避難面積" : "0㎡" , "法定空地面積" : "0㎡" , "建造類別" : "" , "構造別" : "" , "地上層數" : "0層" , "地下層數" : "0層" , "棟數" : "0棟" , "戶數" : "0戶" , "起造人代表人" : "" , "設計人" : "" , "監造人" : "" , "承造人" : "" , "雜項工作物" : "" , "停車空間" : "法定0輛，獎勵0輛，自設0輛" , "發照日期" : "年月日" , "實際開工日期" : "年月日" , "竣工日期" : "年月日" , "qtime" : "" , "樓層概要" : [ ] , "地號" : [ ] , "門牌" : [ ] , "縣市別" : "桃園市"} , { "_id" : { "$oid" : "606f5e04ffa847b759c8694c"} , "執照類別" : "使用執照" , "核發執照字號" : "(70)桃縣建管使字第工00555號" , "原領執照字號" : "" , "變更設計次數" : "00" , "基地面積" : "0㎡" , "建築面積" : "0㎡" , "總樓地板面積" : "0㎡" , "建築物高度" : "0ｍ" , "地下避難面積" : "0㎡" , "法定空地面積" : "0㎡" , "建造類別" : "" , "構造別" : "" , "地上層數" : "0層" , "地下層數" : "0層" , "棟數" : "0棟" , "戶數" : "0戶" , "起造人代表人" : "" , "設計人" : "" , "監造人" : "" , "承造人" : "" , "雜項工作物" : "" , "停車空間" : "法定0輛，獎勵0輛，自設0輛" , "發照日期" : "年月日" , "實際開工日期" : "年月日" , "竣工日期" : "年月日" , "qtime" : "" , "樓層概要" : [ ] , "地號" : [ ] , "門牌" : [ ] , "縣市別" : "桃園市"} , { "_id" : { "$oid" : "606f5e04ffa847b759c8694d"} , "執照類別" : "使用執照" , "核發執照字號" : "(70)桃縣建管使字第工00556號" , "原領執照字號" : "" , "變更設計次數" : "00" , "基地面積" : "0㎡" , "建築面積" : "0㎡" , "總樓地板面積" : "0㎡" , "建築物高度" : "0ｍ" , "地下避難面積" : "0㎡" , "法定空地面積" : "0㎡" , "建造類別" : "" , "構造別" : "" , "地上層數" : "0層" , "地下層數" : "0層" , "棟數" : "0棟" , "戶數" : "0戶" , "起造人代表人" : "" , "設計人" : "" , "監造人" : "" , "承造人" : "" , "雜項工作物" : "" , "停車空間" : "法定0輛，獎勵0輛，自設0輛" , "發照日期" : "年月日" , "實際開工日期" : "年月日" , "竣工日期" : "年月日" , "qtime" : "" , "樓層概要" : [ ] , "地號" : [ ] , "門牌" : [ ] , "縣市別" : "桃園市"} , { "_id" : { "$oid" : "606f5e04ffa847b759c8694e"} , "執照類別" : "使用執照" , "核發執照字號" : "(70)桃縣建管使字第工00558號" , "原領執照字號" : "" , "變更設計次數" : "00" , "基地面積" : "0㎡" , "建築面積" : "0㎡" , "總樓地板面積" : "0㎡" , "建築物高度" : "0ｍ" , "地下避難面積" : "0㎡" , "法定空地面積" : "0㎡" , "建造類別" : "" , "構造別" : "" , "地上層數" : "0層" , "地下層數" : "0層" , "棟數" : "0棟" , "戶數" : "0戶" , "起造人代表人" : "" , "設計人" : "" , "監造人" : "" , "承造人" : "" , "雜項工作物" : "" , "停車空間" : "法定0輛，獎勵0輛，自設0輛" , "發照日期" : "年月日" , "實際開工日期" : "年月日" , "竣工日期" : "年月日" , "qtime" : "" , "樓層概要" : [ ] , "地號" : [ ] , "門牌" : [ ] , "縣市別" : "桃園市"} , { "_id" : { "$oid" : "606f5e04ffa847b759c8694f"} , "執照類別" : "使用執照" , "核發執照字號" : "(70)桃縣建管使字第工00560號" , "原領執照字號" : "" , "變更設計次數" : "00" , "基地面積" : "0㎡" , "建築面積" : "0㎡" , "總樓地板面積" : "0㎡" , "建築物高度" : "0ｍ" , "地下避難面積" : "0㎡" , "法定空地面積" : "0㎡" , "建造類別" : "" , "構造別" : "" , "地上層數" : "0層" , "地下層數" : "0層" , "棟數" : "0棟" , "戶數" : "0戶" , "起造人代表人" : "" , "設計人" : "" , "監造人" : "" , "承造人" : "" , "雜項工作物" : "" , "停車空間" : "法定0輛，獎勵0輛，自設0輛" , "發照日期" : "年月日" , "實際開工日期" : "年月日" , "竣工日期" : "年月日" , "qtime" : "" , "樓層概要" : [ ] , "地號" : [ ] , "門牌" : [ ] , "縣市別" : "桃園市"} , { "_id" : { "$oid" : "606f5e04ffa847b759c86950"} , "執照類別" : "使用執照" , "核發執照字號" : "(70)桃縣建管使字第工00563號" , "原領執照字號" : "" , "變更設計次數" : "00" , "基地面積" : "0㎡" , "建築面積" : "0㎡" , "總樓地板面積" : "0㎡" , "建築物高度" : "0ｍ" , "地下避難面積" : "0㎡" , "法定空地面積" : "0㎡" , "建造類別" : "" , "構造別" : "" , "地上層數" : "0層" , "地下層數" : "0層" , "棟數" : "0棟" , "戶數" : "0戶" , "起造人代表人" : "" , "設計人" : "" , "監造人" : "" , "承造人" : "" , "雜項工作物" : "" , "停車空間" : "法定0輛，獎勵0輛，自設0輛" , "發照日期" : "年月日" , "實際開工日期" : "年月日" , "竣工日期" : "年月日" , "qtime" : "" , "樓層概要" : [ ] , "地號" : [ ] , "門牌" : [ ] , "縣市別" : "桃園市"} , { "_id" : { "$oid" : "606f5e04ffa847b759c86951"} , "執照類別" : "使用執照" , "核發執照字號" : "(70)桃縣建管使字第工00566號" , "原領執照字號" : "" , "變更設計次數" : "00" , "基地面積" : "0㎡" , "建築面積" : "0㎡" , "總樓地板面積" : "0㎡" , "建築物高度" : "0ｍ" , "地下避難面積" : "0㎡" , "法定空地面積" : "0㎡" , "建造類別" : "" , "構造別" : "" , "地上層數" : "0層" , "地下層數" : "0層" , "棟數" : "0棟" , "戶數" : "0戶" , "起造人代表人" : "" , "設計人" : "" , "監造人" : "" , "承造人" : "" , "雜項工作物" : "" , "停車空間" : "法定0輛，獎勵0輛，自設0輛" , "發照日期" : "年月日" , "實際開工日期" : "年月日" , "竣工日期" : "年月日" , "qtime" : "" , "樓層概要" : [ ] , "地號" : [ ] , "門牌" : [ ] , "縣市別" : "桃園市"} , { "_id" : { "$oid" : "606f5e04ffa847b759c86952"} , "執照類別" : "使用執照" , "核發執照字號" : "(70)桃縣建管使字第工00567號" , "原領執照字號" : "" , "變更設計次數" : "00" , "基地面積" : "0㎡" , "建築面積" : "0㎡" , "總樓地板面積" : "0㎡" , "建築物高度" : "0ｍ" , "地下避難面積" : "0㎡" , "法定空地面積" : "0㎡" , "建造類別" : "" , "構造別" : "" , "地上層數" : "0層" , "地下層數" : "0層" , "棟數" : "0棟" , "戶數" : "0戶" , "起造人代表人" : "" , "設計人" : "" , "監造人" : "" , "承造人" : "" , "雜項工作物" : "" , "停車空間" : "法定0輛，獎勵0輛，自設0輛" , "發照日期" : "年月日" , "實際開工日期" : "年月日" , "竣工日期" : "年月日" , "qtime" : "" , "樓層概要" : [ ] , "地號" : [ ] , "門牌" : [ ] , "縣市別" : "桃園市"} , { "_id" : { "$oid" : "606f5e04ffa847b759c86953"} , "執照類別" : "使用執照" , "核發執照字號" : "(70)桃縣建管使字第工00568號" , "原領執照字號" : "" , "變更設計次數" : "00" , "基地面積" : "0㎡" , "建築面積" : "0㎡" , "總樓地板面積" : "0㎡" , "建築物高度" : "0ｍ" , "地下避難面積" : "0㎡" , "法定空地面積" : "0㎡" , "建造類別" : "" , "構造別" : "" , "地上層數" : "0層" , "地下層數" : "0層" , "棟數" : "0棟" , "戶數" : "0戶" , "起造人代表人" : "" , "設計人" : "" , "監造人" : "" , "承造人" : "" , "雜項工作物" : "" , "停車空間" : "法定0輛，獎勵0輛，自設0輛" , "發照日期" : "年月日" , "實際開工日期" : "年月日" , "竣工日期" : "年月日" , "qtime" : "" , "樓層概要" : [ ] , "地號" : [ ] , "門牌" : [ ] , "縣市別" : "桃園市"} , { "_id" : { "$oid" : "606f5e04ffa847b759c86954"} , "執照類別" : "使用執照" , "核發執照字號" : "(70)桃縣建管使字第工00569號" , "原領執照字號" : "" , "變更設計次數" : "00" , "基地面積" : "0㎡" , "建築面積" : "0㎡" , "總樓地板面積" : "0㎡" , "建築物高度" : "0ｍ" , "地下避難面積" : "0㎡" , "法定空地面積" : "0㎡" , "建造類別" : "" , "構造別" : "" , "地上層數" : "0層" , "地下層數" : "0層" , "棟數" : "0棟" , "戶數" : "0戶" , "起造人代表人" : "" , "設計人" : "" , "監造人" : "" , "承造人" : "" , "雜項工作物" : "" , "停車空間" : "法定0輛，獎勵0輛，自設0輛" , "發照日期" : "年月日" , "實際開工日期" : "年月日" , "竣工日期" : "年月日" , "qtime" : "" , "樓層概要" : [ ] , "地號" : [ ] , "門牌" : [ ] , "縣市別" : "桃園市"} , { "_id" : { "$oid" : "606f5e04ffa847b759c86955"} , "執照類別" : "使用執照" , "核發執照字號" : "(70)桃縣建管使字第工00571號" , "原領執照字號" : "" , "變更設計次數" : "00" , "基地面積" : "0㎡" , "建築面積" : "0㎡" , "總樓地板面積" : "0㎡" , "建築物高度" : "0ｍ" , "地下避難面積" : "0㎡" , "法定空地面積" : "0㎡" , "建造類別" : "" , "構造別" : "" , "地上層數" : "0層" , "地下層數" : "0層" , "棟數" : "0棟" , "戶數" : "0戶" , "起造人代表人" : "" , "設計人" : "" , "監造人" : "" , "承造人" : "" , "雜項工作物" : "" , "停車空間" : "法定0輛，獎勵0輛，自設0輛" , "發照日期" : "年月日" , "實際開工日期" : "年月日" , "竣工日期" : "年月日" , "qtime" : "" , "樓層概要" : [ ] , "地號" : [ ] , "門牌" : [ ] , "縣市別" : "桃園市"} , { "_id" : { "$oid" : "606f5e04ffa847b759c86956"} , "執照類別" : "使用執照" , "核發執照字號" : "(70)桃縣建管使字第工00572號" , "原領執照字號" : "" , "變更設計次數" : "00" , "基地面積" : "0㎡" , "建築面積" : "0㎡" , "總樓地板面積" : "0㎡" , "建築物高度" : "0ｍ" , "地下避難面積" : "0㎡" , "法定空地面積" : "0㎡" , "建造類別" : "" , "構造別" : "" , "地上層數" : "0層" , "地下層數" : "0層" , "棟數" : "0棟" , "戶數" : "0戶" , "起造人代表人" : "" , "設計人" : "" , "監造人" : "" , "承造人" : "" , "雜項工作物" : "" , "停車空間" : "法定0輛，獎勵0輛，自設0輛" , "發照日期" : "年月日" , "實際開工日期" : "年月日" , "竣工日期" : "年月日" , "qtime" : "" , "樓層概要" : [ ] , "地號" : [ ] , "門牌" : [ ] , "縣市別" : "桃園市"} , { "_id" : { "$oid" : "606f5e04ffa847b759c86957"} , "執照類別" : "使用執照" , "核發執照字號" : "(70)桃縣建管使字第工00573號" , "原領執照字號" : "" , "變更設計次數" : "00" , "基地面積" : "0㎡" , "建築面積" : "0㎡" , "總樓地板面積" : "0㎡" , "建築物高度" : "0ｍ" , "地下避難面積" : "0㎡" , "法定空地面積" : "0㎡" , "建造類別" : "" , "構造別" : "" , "地上層數" : "0層" , "地下層數" : "0層" , "棟數" : "0棟" , "戶數" : "0戶" , "起造人代表人" : "" , "設計人" : "" , "監造人" : "" , "承造人" : "" , "雜項工作物" : "" , "停車空間" : "法定0輛，獎勵0輛，自設0輛" , "發照日期" : "年月日" , "實際開工日期" : "年月日" , "竣工日期" : "年月日" , "qtime" : "" , "樓層概要" : [ ] , "地號" : [ ] , "門牌" : [ ] , "縣市別" : "桃園市"} , { "_id" : { "$oid" : "606f5e04ffa847b759c86958"} , "執照類別" : "使用執照" , "核發執照字號" : "(70)桃縣建管使字第工00574號" , "原領執照字號" : "" , "變更設計次數" : "00" , "基地面積" : "0㎡" , "建築面積" : "0㎡" , "總樓地板面積" : "0㎡" , "建築物高度" : "0ｍ" , "地下避難面積" : "0㎡" , "法定空地面積" : "0㎡" , "建造類別" : "" , "構造別" : "" , "地上層數" : "0層" , "地下層數" : "0層" , "棟數" : "0棟" , "戶數" : "0戶" , "起造人代表人" : "" , "設計人" : "" , "監造人" : "" , "承造人" : "" , "雜項工作物" : "" , "停車空間" : "法定0輛，獎勵0輛，自設0輛" , "發照日期" : "年月日" , "實際開工日期" : "年月日" , "竣工日期" : "年月日" , "qtime" : "" , "樓層概要" : [ ] , "地號" : [ ] , "門牌" : [ ] , "縣市別" : "桃園市"} , { "_id" : { "$oid" : "606f5e04ffa847b759c86959"} , "執照類別" : "使用執照" , "核發執照字號" : "(70)桃縣建管使字第工00575號" , "原領執照字號" : "" , "變更設計次數" : "00" , "基地面積" : "0㎡" , "建築面積" : "0㎡" , "總樓地板面積" : "0㎡" , "建築物高度" : "0ｍ" , "地下避難面積" : "0㎡" , "法定空地面積" : "0㎡" , "建造類別" : "" , "構造別" : "" , "地上層數" : "0層" , "地下層數" : "0層" , "棟數" : "0棟" , "戶數" : "0戶" , "起造人代表人" : "" , "設計人" : "" , "監造人" : "" , "承造人" : "" , "雜項工作物" : "" , "停車空間" : "法定0輛，獎勵0輛，自設0輛" , "發照日期" : "年月日" , "實際開工日期" : "年月日" , "竣工日期" : "年月日" , "qtime" : "" , "樓層概要" : [ ] , "地號" : [ ] , "門牌" : [ ] , "縣市別" : "桃園市"} , { "_id" : { "$oid" : "606f5e04ffa847b759c8695a"} , "執照類別" : "使用執照" , "核發執照字號" : "(70)桃縣建管使字第工00576號" , "原領執照字號" : "" , "變更設計次數" : "00" , "基地面積" : "0㎡" , "建築面積" : "0㎡" , "總樓地板面積" : "0㎡" , "建築物高度" : "0ｍ" , "地下避難面積" : "0㎡" , "法定空地面積" : "0㎡" , "建造類別" : "" , "構造別" : "" , "地上層數" : "0層" , "地下層數" : "0層" , "棟數" : "0棟" , "戶數" : "0戶" , "起造人代表人" : "" , "設計人" : "" , "監造人" : "" , "承造人" : "" , "雜項工作物" : "" , "停車空間" : "法定0輛，獎勵0輛，自設0輛" , "發照日期" : "年月日" , "實際開工日期" : "年月日" , "竣工日期" : "年月日" , "qtime" : "" , "樓層概要" : [ ] , "地號" : [ ] , "門牌" : [ ] , "縣市別" : "桃園市"} , { "_id" : { "$oid" : "606f5e04ffa847b759c8695b"} , "執照類別" : "使用執照" , "核發執照字號" : "(70)桃縣建管使字第工00577號" , "原領執照字號" : "" , "變更設計次數" : "00" , "基地面積" : "0㎡" , "建築面積" : "0㎡" , "總樓地板面積" : "0㎡" , "建築物高度" : "0ｍ" , "地下避難面積" : "0㎡" , "法定空地面積" : "0㎡" , "建造類別" : "" , "構造別" : "" , "地上層數" : "0層" , "地下層數" : "0層" , "棟數" : "0棟" , "戶數" : "0戶" , "起造人代表人" : "" , "設計人" : "" , "監造人" : "" , "承造人" : "" , "雜項工作物" : "" , "停車空間" : "法定0輛，獎勵0輛，自設0輛" , "發照日期" : "年月日" , "實際開工日期" : "年月日" , "竣工日期" : "年月日" , "qtime" : "" , "樓層概要" : [ ] , "地號" : [ ] , "門牌" : [ ] , "縣市別" : "桃園市"} , { "_id" : { "$oid" : "606f5e04ffa847b759c8695c"} , "執照類別" : "使用執照" , "核發執照字號" : "(70)桃縣建管使字第工00578號" , "原領執照字號" : "" , "變更設計次數" : "00" , "基地面積" : "0㎡" , "建築面積" : "0㎡" , "總樓地板面積" : "0㎡" , "建築物高度" : "0ｍ" , "地下避難面積" : "0㎡" , "法定空地面積" : "0㎡" , "建造類別" : "" , "構造別" : "" , "地上層數" : "0層" , "地下層數" : "0層" , "棟數" : "0棟" , "戶數" : "0戶" , "起造人代表人" : "" , "設計人" : "" , "監造人" : "" , "承造人" : "" , "雜項工作物" : "" , "停車空間" : "法定0輛，獎勵0輛，自設0輛" , "發照日期" : "年月日" , "實際開工日期" : "年月日" , "竣工日期" : "年月日" , "qtime" : "" , "樓層概要" : [ ] , "地號" : [ ] , "門牌" : [ ] , "縣市別" : "桃園市"} , { "_id" : { "$oid" : "606f5e04ffa847b759c8695d"} , "執照類別" : "使用執照" , "核發執照字號" : "(70)桃縣建管使字第工00580號" , "原領執照字號" : "" , "變更設計次數" : "00" , "基地面積" : "0㎡" , "建築面積" : "0㎡" , "總樓地板面積" : "0㎡" , "建築物高度" : "0ｍ" , "地下避難面積" : "0㎡" , "法定空地面積" : "0㎡" , "建造類別" : "" , "構造別" : "" , "地上層數" : "0層" , "地下層數" : "0層" , "棟數" : "0棟" , "戶數" : "0戶" , "起造人代表人" : "" , "設計人" : "" , "監造人" : "" , "承造人" : "" , "雜項工作物" : "" , "停車空間" : "法定0輛，獎勵0輛，自設0輛" , "發照日期" : "年月日" , "實際開工日期" : "年月日" , "竣工日期" : "年月日" , "qtime" : "" , "樓層概要" : [ ] , "地號" : [ ] , "門牌" : [ ] , "縣市別" : "桃園市"} , { "_id" : { "$oid" : "606f5e04ffa847b759c8695e"} , "執照類別" : "使用執照" , "核發執照字號" : "(70)桃縣建管使字第工00581號" , "原領執照字號" : "" , "變更設計次數" : "00" , "基地面積" : "0㎡" , "建築面積" : "0㎡" , "總樓地板面積" : "0㎡" , "建築物高度" : "0ｍ" , "地下避難面積" : "0㎡" , "法定空地面積" : "0㎡" , "建造類別" : "" , "構造別" : "" , "地上層數" : "0層" , "地下層數" : "0層" , "棟數" : "0棟" , "戶數" : "0戶" , "起造人代表人" : "" , "設計人" : "" , "監造人" : "" , "承造人" : "" , "雜項工作物" : "" , "停車空間" : "法定0輛，獎勵0輛，自設0輛" , "發照日期" : "年月日" , "實際開工日期" : "年月日" , "竣工日期" : "年月日" , "qtime" : "" , "樓層概要" : [ ] , "地號" : [ ] , "門牌" : [ ] , "縣市別" : "桃園市"} , { "_id" : { "$oid" : "606f5e04ffa847b759c8695f"} , "執照類別" : "使用執照" , "核發執照字號" : "(70)桃縣建管使字第工00582號" , "原領執照字號" : "" , "變更設計次數" : "00" , "基地面積" : "0㎡" , "建築面積" : "0㎡" , "總樓地板面積" : "0㎡" , "建築物高度" : "0ｍ" , "地下避難面積" : "0㎡" , "法定空地面積" : "0㎡" , "建造類別" : "" , "構造別" : "" , "地上層數" : "0層" , "地下層數" : "0層" , "棟數" : "0棟" , "戶數" : "0戶" , "起造人代表人" : "" , "設計人" : "" , "監造人" : "" , "承造人" : "" , "雜項工作物" : "" , "停車空間" : "法定0輛，獎勵0輛，自設0輛" , "發照日期" : "年月日" , "實際開工日期" : "年月日" , "竣工日期" : "年月日" , "qtime" : "" , "樓層概要" : [ ] , "地號" : [ ] , "門牌" : [ ] , "縣市別" : "桃園市"} , { "_id" : { "$oid" : "606f5e04ffa847b759c86960"} , "執照類別" : "使用執照" , "核發執照字號" : "(70)桃縣建管使字第工00585號" , "原領執照字號" : "" , "變更設計次數" : "00" , "基地面積" : "0㎡" , "建築面積" : "0㎡" , "總樓地板面積" : "0㎡" , "建築物高度" : "0ｍ" , "地下避難面積" : "0㎡" , "法定空地面積" : "0㎡" , "建造類別" : "" , "構造別" : "" , "地上層數" : "0層" , "地下層數" : "0層" , "棟數" : "0棟" , "戶數" : "0戶" , "起造人代表人" : "" , "設計人" : "" , "監造人" : "" , "承造人" : "" , "雜項工作物" : "" , "停車空間" : "法定0輛，獎勵0輛，自設0輛" , "發照日期" : "年月日" , "實際開工日期" : "年月日" , "竣工日期" : "年月日" , "qtime" : "" , "樓層概要" : [ ] , "地號" : [ ] , "門牌" : [ ] , "縣市別" : "桃園市"} , { "_id" : { "$oid" : "606f5e04ffa847b759c86961"} , "執照類別" : "使用執照" , "核發執照字號" : "(70)桃縣建管使字第工00587號" , "原領執照字號" : "" , "變更設計次數" : "00" , "基地面積" : "0㎡" , "建築面積" : "0㎡" , "總樓地板面積" : "0㎡" , "建築物高度" : "0ｍ" , "地下避難面積" : "0㎡" , "法定空地面積" : "0㎡" , "建造類別" : "" , "構造別" : "" , "地上層數" : "0層" , "地下層數" : "0層" , "棟數" : "0棟" , "戶數" : "0戶" , "起造人代表人" : "" , "設計人" : "" , "監造人" : "" , "承造人" : "" , "雜項工作物" : "" , "停車空間" : "法定0輛，獎勵0輛，自設0輛" , "發照日期" : "年月日" , "實際開工日期" : "年月日" , "竣工日期" : "年月日" , "qtime" : "" , "樓層概要" : [ ] , "地號" : [ ] , "門牌" : [ ] , "縣市別" : "桃園市"} , { "_id" : { "$oid" : "606f5e04ffa847b759c86962"} , "執照類別" : "使用執照" , "核發執照字號" : "(70)桃縣建管使字第工00588號" , "原領執照字號" : "" , "變更設計次數" : "00" , "基地面積" : "0㎡" , "建築面積" : "0㎡" , "總樓地板面積" : "0㎡" , "建築物高度" : "0ｍ" , "地下避難面積" : "0㎡" , "法定空地面積" : "0㎡" , "建造類別" : "" , "構造別" : "" , "地上層數" : "0層" , "地下層數" : "0層" , "棟數" : "0棟" , "戶數" : "0戶" , "起造人代表人" : "" , "設計人" : "" , "監造人" : "" , "承造人" : "" , "雜項工作物" : "" , "停車空間" : "法定0輛，獎勵0輛，自設0輛" , "發照日期" : "年月日" , "實際開工日期" : "年月日" , "竣工日期" : "年月日" , "qtime" : "" , "樓層概要" : [ ] , "地號" : [ ] , "門牌" : [ ] , "縣市別" : "桃園市"} , { "_id" : { "$oid" : "606f5e04ffa847b759c86963"} , "執照類別" : "使用執照" , "核發執照字號" : "(70)桃縣建管使字第工00589號" , "原領執照字號" : "" , "變更設計次數" : "00" , "基地面積" : "0㎡" , "建築面積" : "0㎡" , "總樓地板面積" : "0㎡" , "建築物高度" : "0ｍ" , "地下避難面積" : "0㎡" , "法定空地面積" : "0㎡" , "建造類別" : "" , "構造別" : "" , "地上層數" : "0層" , "地下層數" : "0層" , "棟數" : "0棟" , "戶數" : "0戶" , "起造人代表人" : "" , "設計人" : "" , "監造人" : "" , "承造人" : "" , "雜項工作物" : "" , "停車空間" : "法定0輛，獎勵0輛，自設0輛" , "發照日期" : "年月日" , "實際開工日期" : "年月日" , "竣工日期" : "年月日" , "qtime" : "" , "樓層概要" : [ ] , "地號" : [ ] , "門牌" : [ ] , "縣市別" : "桃園市"} , { "_id" : { "$oid" : "606f5e04ffa847b759c86964"} , "執照類別" : "使用執照" , "核發執照字號" : "(70)桃縣建管使字第工00591號" , "原領執照字號" : "" , "變更設計次數" : "00" , "基地面積" : "0㎡" , "建築面積" : "0㎡" , "總樓地板面積" : "0㎡" , "建築物高度" : "0ｍ" , "地下避難面積" : "0㎡" , "法定空地面積" : "0㎡" , "建造類別" : "" , "構造別" : "" , "地上層數" : "0層" , "地下層數" : "0層" , "棟數" : "0棟" , "戶數" : "0戶" , "起造人代表人" : "" , "設計人" : "" , "監造人" : "" , "承造人" : "" , "雜項工作物" : "" , "停車空間" : "法定0輛，獎勵0輛，自設0輛" , "發照日期" : "年月日" , "實際開工日期" : "年月日" , "竣工日期" : "年月日" , "qtime" : "" , "樓層概要" : [ ] , "地號" : [ ] , "門牌" : [ ] , "縣市別" : "桃園市"} , { "_id" : { "$oid" : "606f5e04ffa847b759c86965"} , "執照類別" : "使用執照" , "核發執照字號" : "(70)桃縣建管使字第工00592號" , "原領執照字號" : "" , "變更設計次數" : "00" , "基地面積" : "0㎡" , "建築面積" : "0㎡" , "總樓地板面積" : "0㎡" , "建築物高度" : "0ｍ" , "地下避難面積" : "0㎡" , "法定空地面積" : "0㎡" , "建造類別" : "" , "構造別" : "" , "地上層數" : "0層" , "地下層數" : "0層" , "棟數" : "0棟" , "戶數" : "0戶" , "起造人代表人" : "" , "設計人" : "" , "監造人" : "" , "承造人" : "" , "雜項工作物" : "" , "停車空間" : "法定0輛，獎勵0輛，自設0輛" , "發照日期" : "年月日" , "實際開工日期" : "年月日" , "竣工日期" : "年月日" , "qtime" : "" , "樓層概要" : [ ] , "地號" : [ ] , "門牌" : [ ] , "縣市別" : "桃園市"} , { "_id" : { "$oid" : "606f5e04ffa847b759c86966"} , "執照類別" : "使用執照" , "核發執照字號" : "(70)桃縣建管使字第工00594號" , "原領執照字號" : "" , "變更設計次數" : "00" , "基地面積" : "0㎡" , "建築面積" : "0㎡" , "總樓地板面積" : "0㎡" , "建築物高度" : "0ｍ" , "地下避難面積" : "0㎡" , "法定空地面積" : "0㎡" , "建造類別" : "" , "構造別" : "" , "地上層數" : "0層" , "地下層數" : "0層" , "棟數" : "0棟" , "戶數" : "0戶" , "起造人代表人" : "" , "設計人" : "" , "監造人" : "" , "承造人" : "" , "雜項工作物" : "" , "停車空間" : "法定0輛，獎勵0輛，自設0輛" , "發照日期" : "年月日" , "實際開工日期" : "年月日" , "竣工日期" : "年月日" , "qtime" : "" , "樓層概要" : [ ] , "地號" : [ ] , "門牌" : [ ] , "縣市別" : "桃園市"} , { "_id" : { "$oid" : "606f5e04ffa847b759c86967"} , "執照類別" : "使用執照" , "核發執照字號" : "(70)桃縣建管使字第工00595號" , "原領執照字號" : "" , "變更設計次數" : "00" , "基地面積" : "0㎡" , "建築面積" : "0㎡" , "總樓地板面積" : "0㎡" , "建築物高度" : "0ｍ" , "地下避難面積" : "0㎡" , "法定空地面積" : "0㎡" , "建造類別" : "" , "構造別" : "" , "地上層數" : "0層" , "地下層數" : "0層" , "棟數" : "0棟" , "戶數" : "0戶" , "起造人代表人" : "" , "設計人" : "" , "監造人" : "" , "承造人" : "" , "雜項工作物" : "" , "停車空間" : "法定0輛，獎勵0輛，自設0輛" , "發照日期" : "年月日" , "實際開工日期" : "年月日" , "竣工日期" : "年月日" , "qtime" : "" , "樓層概要" : [ ] , "地號" : [ ] , "門牌" : [ ] , "縣市別" : "桃園市"} , { "_id" : { "$oid" : "606f5e04ffa847b759c86968"} , "執照類別" : "使用執照" , "核發執照字號" : "(70)桃縣建管使字第工00596號" , "原領執照字號" : "" , "變更設計次數" : "00" , "基地面積" : "0㎡" , "建築面積" : "0㎡" , "總樓地板面積" : "0㎡" , "建築物高度" : "0ｍ" , "地下避難面積" : "0㎡" , "法定空地面積" : "0㎡" , "建造類別" : "" , "構造別" : "" , "地上層數" : "0層" , "地下層數" : "0層" , "棟數" : "0棟" , "戶數" : "0戶" , "起造人代表人" : "" , "設計人" : "" , "監造人" : "" , "承造人" : "" , "雜項工作物" : "" , "停車空間" : "法定0輛，獎勵0輛，自設0輛" , "發照日期" : "年月日" , "實際開工日期" : "年月日" , "竣工日期" : "年月日" , "qtime" : "" , "樓層概要" : [ ] , "地號" : [ ] , "門牌" : [ ] , "縣市別" : "桃園市"} , { "_id" : { "$oid" : "606f5e04ffa847b759c86969"} , "執照類別" : "使用執照" , "核發執照字號" : "(70)桃縣建管使字第工00598號" , "原領執照字號" : "" , "變更設計次數" : "00" , "基地面積" : "0㎡" , "建築面積" : "0㎡" , "總樓地板面積" : "0㎡" , "建築物高度" : "0ｍ" , "地下避難面積" : "0㎡" , "法定空地面積" : "0㎡" , "建造類別" : "" , "構造別" : "" , "地上層數" : "0層" , "地下層數" : "0層" , "棟數" : "0棟" , "戶數" : "0戶" , "起造人代表人" : "" , "設計人" : "" , "監造人" : "" , "承造人" : "" , "雜項工作物" : "" , "停車空間" : "法定0輛，獎勵0輛，自設0輛" , "發照日期" : "年月日" , "實際開工日期" : "年月日" , "竣工日期" : "年月日" , "qtime" : "" , "樓層概要" : [ ] , "地號" : [ ] , "門牌" : [ ] , "縣市別" : "桃園市"} , { "_id" : { "$oid" : "606f5e04ffa847b759c8696a"} , "執照類別" : "使用執照" , "核發執照字號" : "(70)桃縣建管使字第工00599號" , "原領執照字號" : "" , "變更設計次數" : "00" , "基地面積" : "0㎡" , "建築面積" : "0㎡" , "總樓地板面積" : "0㎡" , "建築物高度" : "0ｍ" , "地下避難面積" : "0㎡" , "法定空地面積" : "0㎡" , "建造類別" : "" , "構造別" : "" , "地上層數" : "0層" , "地下層數" : "0層" , "棟數" : "0棟" , "戶數" : "0戶" , "起造人代表人" : "" , "設計人" : "" , "監造人" : "" , "承造人" : "" , "雜項工作物" : "" , "停車空間" : "法定0輛，獎勵0輛，自設0輛" , "發照日期" : "年月日" , "實際開工日期" : "年月日" , "竣工日期" : "年月日" , "qtime" : "" , "樓層概要" : [ ] , "地號" : [ ] , "門牌" : [ ] , "縣市別" : "桃園市"} , { "_id" : { "$oid" : "606f5e04ffa847b759c8696b"} , "執照類別" : "使用執照" , "核發執照字號" : "(70)桃縣建管使字第工00600號" , "原領執照字號" : "" , "變更設計次數" : "00" , "基地面積" : "0㎡" , "建築面積" : "0㎡" , "總樓地板面積" : "0㎡" , "建築物高度" : "0ｍ" , "地下避難面積" : "0㎡" , "法定空地面積" : "0㎡" , "建造類別" : "" , "構造別" : "" , "地上層數" : "0層" , "地下層數" : "0層" , "棟數" : "0棟" , "戶數" : "0戶" , "起造人代表人" : "" , "設計人" : "" , "監造人" : "" , "承造人" : "" , "雜項工作物" : "" , "停車空間" : "法定0輛，獎勵0輛，自設0輛" , "發照日期" : "年月日" , "實際開工日期" : "年月日" , "竣工日期" : "年月日" , "qtime" : "" , "樓層概要" : [ ] , "地號" : [ ] , "門牌" : [ ] , "縣市別" : "桃園市"} , { "_id" : { "$oid" : "606f5e04ffa847b759c8696c"} , "執照類別" : "使用執照" , "核發執照字號" : "(70)桃縣建管使字第工00601號" , "原領執照字號" : "" , "變更設計次數" : "00" , "基地面積" : "0㎡" , "建築面積" : "0㎡" , "總樓地板面積" : "0㎡" , "建築物高度" : "0ｍ" , "地下避難面積" : "0㎡" , "法定空地面積" : "0㎡" , "建造類別" : "" , "構造別" : "" , "地上層數" : "0層" , "地下層數" : "0層" , "棟數" : "0棟" , "戶數" : "0戶" , "起造人代表人" : "" , "設計人" : "" , "監造人" : "" , "承造人" : "" , "雜項工作物" : "" , "停車空間" : "法定0輛，獎勵0輛，自設0輛" , "發照日期" : "年月日" , "實際開工日期" : "年月日" , "竣工日期" : "年月日" , "qtime" : "" , "樓層概要" : [ ] , "地號" : [ ] , "門牌" : [ ] , "縣市別" : "桃園市"} , { "_id" : { "$oid" : "606f5e04ffa847b759c8696d"} , "執照類別" : "使用執照" , "核發執照字號" : "(70)桃縣建管使字第工00603號" , "原領執照字號" : "" , "變更設計次數" : "00" , "基地面積" : "0㎡" , "建築面積" : "0㎡" , "總樓地板面積" : "0㎡" , "建築物高度" : "0ｍ" , "地下避難面積" : "0㎡" , "法定空地面積" : "0㎡" , "建造類別" : "" , "構造別" : "" , "地上層數" : "0層" , "地下層數" : "0層" , "棟數" : "0棟" , "戶數" : "0戶" , "起造人代表人" : "" , "設計人" : "" , "監造人" : "" , "承造人" : "" , "雜項工作物" : "" , "停車空間" : "法定0輛，獎勵0輛，自設0輛" , "發照日期" : "年月日" , "實際開工日期" : "年月日" , "竣工日期" : "年月日" , "qtime" : "" , "樓層概要" : [ ] , "地號" : [ ] , "門牌" : [ ] , "縣市別" : "桃園市"} , { "_id" : { "$oid" : "606f5e04ffa847b759c8696e"} , "執照類別" : "使用執照" , "核發執照字號" : "(70)桃縣建管使字第工00604號" , "原領執照字號" : "" , "變更設計次數" : "00" , "基地面積" : "0㎡" , "建築面積" : "0㎡" , "總樓地板面積" : "0㎡" , "建築物高度" : "0ｍ" , "地下避難面積" : "0㎡" , "法定空地面積" : "0㎡" , "建造類別" : "" , "構造別" : "" , "地上層數" : "0層" , "地下層數" : "0層" , "棟數" : "0棟" , "戶數" : "0戶" , "起造人代表人" : "" , "設計人" : "" , "監造人" : "" , "承造人" : "" , "雜項工作物" : "" , "停車空間" : "法定0輛，獎勵0輛，自設0輛" , "發照日期" : "年月日" , "實際開工日期" : "年月日" , "竣工日期" : "年月日" , "qtime" : "" , "樓層概要" : [ ] , "地號" : [ ] , "門牌" : [ ] , "縣市別" : "桃園市"} , { "_id" : { "$oid" : "606f5e04ffa847b759c8696f"} , "執照類別" : "使用執照" , "核發執照字號" : "(70)桃縣建管使字第工00605號" , "原領執照字號" : "" , "變更設計次數" : "00" , "基地面積" : "0㎡" , "建築面積" : "0㎡" , "總樓地板面積" : "0㎡" , "建築物高度" : "0ｍ" , "地下避難面積" : "0㎡" , "法定空地面積" : "0㎡" , "建造類別" : "" , "構造別" : "" , "地上層數" : "0層" , "地下層數" : "0層" , "棟數" : "0棟" , "戶數" : "0戶" , "起造人代表人" : "" , "設計人" : "" , "監造人" : "" , "承造人" : "" , "雜項工作物" : "" , "停車空間" : "法定0輛，獎勵0輛，自設0輛" , "發照日期" : "年月日" , "實際開工日期" : "年月日" , "竣工日期" : "年月日" , "qtime" : "" , "樓層概要" : [ ] , "地號" : [ ] , "門牌" : [ ] , "縣市別" : "桃園市"} , { "_id" : { "$oid" : "606f5e04ffa847b759c86970"} , "執照類別" : "使用執照" , "核發執照字號" : "(70)桃縣建管使字第工00606號" , "原領執照字號" : "" , "變更設計次數" : "00" , "基地面積" : "0㎡" , "建築面積" : "0㎡" , "總樓地板面積" : "0㎡" , "建築物高度" : "0ｍ" , "地下避難面積" : "0㎡" , "法定空地面積" : "0㎡" , "建造類別" : "" , "構造別" : "" , "地上層數" : "0層" , "地下層數" : "0層" , "棟數" : "0棟" , "戶數" : "0戶" , "起造人代表人" : "" , "設計人" : "" , "監造人" : "" , "承造人" : "" , "雜項工作物" : "" , "停車空間" : "法定0輛，獎勵0輛，自設0輛" , "發照日期" : "年月日" , "實際開工日期" : "年月日" , "竣工日期" : "年月日" , "qtime" : "" , "樓層概要" : [ ] , "地號" : [ ] , "門牌" : [ ] , "縣市別" : "桃園市"} , { "_id" : { "$oid" : "606f5e04ffa847b759c86971"} , "執照類別" : "使用執照" , "核發執照字號" : "(70)桃縣建管使字第工00607號" , "原領執照字號" : "" , "變更設計次數" : "00" , "基地面積" : "0㎡" , "建築面積" : "0㎡" , "總樓地板面積" : "0㎡" , "建築物高度" : "0ｍ" , "地下避難面積" : "0㎡" , "法定空地面積" : "0㎡" , "建造類別" : "" , "構造別" : "" , "地上層數" : "0層" , "地下層數" : "0層" , "棟數" : "0棟" , "戶數" : "0戶" , "起造人代表人" : "" , "設計人" : "" , "監造人" : "" , "承造人" : "" , "雜項工作物" : "" , "停車空間" : "法定0輛，獎勵0輛，自設0輛" , "發照日期" : "年月日" , "實際開工日期" : "年月日" , "竣工日期" : "年月日" , "qtime" : "" , "樓層概要" : [ ] , "地號" : [ ] , "門牌" : [ ] , "縣市別" : "桃園市"} , { "_id" : { "$oid" : "606f5e04ffa847b759c86972"} , "執照類別" : "使用執照" , "核發執照字號" : "(70)桃縣建管使字第工00608號" , "原領執照字號" : "" , "變更設計次數" : "00" , "基地面積" : "0㎡" , "建築面積" : "0㎡" , "總樓地板面積" : "0㎡" , "建築物高度" : "0ｍ" , "地下避難面積" : "0㎡" , "法定空地面積" : "0㎡" , "建造類別" : "" , "構造別" : "" , "地上層數" : "0層" , "地下層數" : "0層" , "棟數" : "0棟" , "戶數" : "0戶" , "起造人代表人" : "" , "設計人" : "" , "監造人" : "" , "承造人" : "" , "雜項工作物" : "" , "停車空間" : "法定0輛，獎勵0輛，自設0輛" , "發照日期" : "年月日" , "實際開工日期" : "年月日" , "竣工日期" : "年月日" , "qtime" : "" , "樓層概要" : [ ] , "地號" : [ ] , "門牌" : [ ] , "縣市別" : "桃園市"} , { "_id" : { "$oid" : "606f5e04ffa847b759c86973"} , "執照類別" : "使用執照" , "核發執照字號" : "(70)桃縣建管使字第工00610號" , "原領執照字號" : "" , "變更設計次數" : "00" , "基地面積" : "0㎡" , "建築面積" : "0㎡" , "總樓地板面積" : "0㎡" , "建築物高度" : "0ｍ" , "地下避難面積" : "0㎡" , "法定空地面積" : "0㎡" , "建造類別" : "" , "構造別" : "" , "地上層數" : "0層" , "地下層數" : "0層" , "棟數" : "0棟" , "戶數" : "0戶" , "起造人代表人" : "" , "設計人" : "" , "監造人" : "" , "承造人" : "" , "雜項工作物" : "" , "停車空間" : "法定0輛，獎勵0輛，自設0輛" , "發照日期" : "年月日" , "實際開工日期" : "年月日" , "竣工日期" : "年月日" , "qtime" : "" , "樓層概要" : [ ] , "地號" : [ ] , "門牌" : [ ] , "縣市別" : "桃園市"} , { "_id" : { "$oid" : "606f5e04ffa847b759c86974"} , "執照類別" : "使用執照" , "核發執照字號" : "(70)桃縣建管使字第工00612號" , "原領執照字號" : "" , "變更設計次數" : "00" , "基地面積" : "0㎡" , "建築面積" : "0㎡" , "總樓地板面積" : "0㎡" , "建築物高度" : "0ｍ" , "地下避難面積" : "0㎡" , "法定空地面積" : "0㎡" , "建造類別" : "" , "構造別" : "" , "地上層數" : "0層" , "地下層數" : "0層" , "棟數" : "0棟" , "戶數" : "0戶" , "起造人代表人" : "" , "設計人" : "" , "監造人" : "" , "承造人" : "" , "雜項工作物" : "" , "停車空間" : "法定0輛，獎勵0輛，自設0輛" , "發照日期" : "年月日" , "實際開工日期" : "年月日" , "竣工日期" : "年月日" , "qtime" : "" , "樓層概要" : [ ] , "地號" : [ ] , "門牌" : [ ] , "縣市別" : "桃園市"} , { "_id" : { "$oid" : "606f5e04ffa847b759c86975"} , "執照類別" : "使用執照" , "核發執照字號" : "(70)桃縣建管使字第工00613號" , "原領執照字號" : "" , "變更設計次數" : "00" , "基地面積" : "0㎡" , "建築面積" : "0㎡" , "總樓地板面積" : "0㎡" , "建築物高度" : "0ｍ" , "地下避難面積" : "0㎡" , "法定空地面積" : "0㎡" , "建造類別" : "" , "構造別" : "" , "地上層數" : "0層" , "地下層數" : "0層" , "棟數" : "0棟" , "戶數" : "0戶" , "起造人代表人" : "" , "設計人" : "" , "監造人" : "" , "承造人" : "" , "雜項工作物" : "" , "停車空間" : "法定0輛，獎勵0輛，自設0輛" , "發照日期" : "年月日" , "實際開工日期" : "年月日" , "竣工日期" : "年月日" , "qtime" : "" , "樓層概要" : [ ] , "地號" : [ ] , "門牌" : [ ] , "縣市別" : "桃園市"} , { "_id" : { "$oid" : "606f5e04ffa847b759c86976"} , "執照類別" : "使用執照" , "核發執照字號" : "(70)桃縣建管使字第工00614號" , "原領執照字號" : "" , "變更設計次數" : "00" , "基地面積" : "0㎡" , "建築面積" : "0㎡" , "總樓地板面積" : "0㎡" , "建築物高度" : "0ｍ" , "地下避難面積" : "0㎡" , "法定空地面積" : "0㎡" , "建造類別" : "" , "構造別" : "" , "地上層數" : "0層" , "地下層數" : "0層" , "棟數" : "0棟" , "戶數" : "0戶" , "起造人代表人" : "" , "設計人" : "" , "監造人" : "" , "承造人" : "" , "雜項工作物" : "" , "停車空間" : "法定0輛，獎勵0輛，自設0輛" , "發照日期" : "年月日" , "實際開工日期" : "年月日" , "竣工日期" : "年月日" , "qtime" : "" , "樓層概要" : [ ] , "地號" : [ ] , "門牌" : [ ] , "縣市別" : "桃園市"} , { "_id" : { "$oid" : "606f5e04ffa847b759c86977"} , "執照類別" : "使用執照" , "核發執照字號" : "(70)桃縣建管使字第工00615號" , "原領執照字號" : "" , "變更設計次數" : "00" , "基地面積" : "0㎡" , "建築面積" : "0㎡" , "總樓地板面積" : "0㎡" , "建築物高度" : "0ｍ" , "地下避難面積" : "0㎡" , "法定空地面積" : "0㎡" , "建造類別" : "" , "構造別" : "" , "地上層數" : "0層" , "地下層數" : "0層" , "棟數" : "0棟" , "戶數" : "0戶" , "起造人代表人" : "" , "設計人" : "" , "監造人" : "" , "承造人" : "" , "雜項工作物" : "" , "停車空間" : "法定0輛，獎勵0輛，自設0輛" , "發照日期" : "年月日" , "實際開工日期" : "年月日" , "竣工日期" : "年月日" , "qtime" : "" , "樓層概要" : [ ] , "地號" : [ ] , "門牌" : [ ] , "縣市別" : "桃園市"} , { "_id" : { "$oid" : "606f5e04ffa847b759c86978"} , "執照類別" : "使用執照" , "核發執照字號" : "(70)桃縣建管使字第工00616號" , "原領執照字號" : "" , "變更設計次數" : "00" , "基地面積" : "0㎡" , "建築面積" : "0㎡" , "總樓地板面積" : "0㎡" , "建築物高度" : "0ｍ" , "地下避難面積" : "0㎡" , "法定空地面積" : "0㎡" , "建造類別" : "" , "構造別" : "" , "地上層數" : "0層" , "地下層數" : "0層" , "棟數" : "0棟" , "戶數" : "0戶" , "起造人代表人" : "" , "設計人" : "" , "監造人" : "" , "承造人" : "" , "雜項工作物" : "" , "停車空間" : "法定0輛，獎勵0輛，自設0輛" , "發照日期" : "年月日" , "實際開工日期" : "年月日" , "竣工日期" : "年月日" , "qtime" : "" , "樓層概要" : [ ] , "地號" : [ ] , "門牌" : [ ] , "縣市別" : "桃園市"} , { "_id" : { "$oid" : "606f5e04ffa847b759c86979"} , "執照類別" : "使用執照" , "核發執照字號" : "(70)桃縣建管使字第工00617號" , "原領執照字號" : "" , "變更設計次數" : "00" , "基地面積" : "0㎡" , "建築面積" : "0㎡" , "總樓地板面積" : "0㎡" , "建築物高度" : "0ｍ" , "地下避難面積" : "0㎡" , "法定空地面積" : "0㎡" , "建造類別" : "" , "構造別" : "" , "地上層數" : "0層" , "地下層數" : "0層" , "棟數" : "0棟" , "戶數" : "0戶" , "起造人代表人" : "" , "設計人" : "" , "監造人" : "" , "承造人" : "" , "雜項工作物" : "" , "停車空間" : "法定0輛，獎勵0輛，自設0輛" , "發照日期" : "年月日" , "實際開工日期" : "年月日" , "竣工日期" : "年月日" , "qtime" : "" , "樓層概要" : [ ] , "地號" : [ ] , "門牌" : [ ] , "縣市別" : "桃園市"} , { "_id" : { "$oid" : "606f5e04ffa847b759c8697a"} , "執照類別" : "使用執照" , "核發執照字號" : "(70)桃縣建管使字第工00618號" , "原領執照字號" : "" , "變更設計次數" : "00" , "基地面積" : "0㎡" , "建築面積" : "0㎡" , "總樓地板面積" : "0㎡" , "建築物高度" : "0ｍ" , "地下避難面積" : "0㎡" , "法定空地面積" : "0㎡" , "建造類別" : "" , "構造別" : "" , "地上層數" : "0層" , "地下層數" : "0層" , "棟數" : "0棟" , "戶數" : "0戶" , "起造人代表人" : "" , "設計人" : "" , "監造人" : "" , "承造人" : "" , "雜項工作物" : "" , "停車空間" : "法定0輛，獎勵0輛，自設0輛" , "發照日期" : "年月日" , "實際開工日期" : "年月日" , "竣工日期" : "年月日" , "qtime" : "" , "樓層概要" : [ ] , "地號" : [ ] , "門牌" : [ ] , "縣市別" : "桃園市"} , { "_id" : { "$oid" : "606f5e04ffa847b759c8697b"} , "執照類別" : "使用執照" , "核發執照字號" : "(70)桃縣建管使字第工00619號" , "原領執照字號" : "" , "變更設計次數" : "00" , "基地面積" : "0㎡" , "建築面積" : "0㎡" , "總樓地板面積" : "0㎡" , "建築物高度" : "0ｍ" , "地下避難面積" : "0㎡" , "法定空地面積" : "0㎡" , "建造類別" : "" , "構造別" : "" , "地上層數" : "0層" , "地下層數" : "0層" , "棟數" : "0棟" , "戶數" : "0戶" , "起造人代表人" : "" , "設計人" : "" , "監造人" : "" , "承造人" : "" , "雜項工作物" : "" , "停車空間" : "法定0輛，獎勵0輛，自設0輛" , "發照日期" : "年月日" , "實際開工日期" : "年月日" , "竣工日期" : "年月日" , "qtime" : "" , "樓層概要" : [ ] , "地號" : [ ] , "門牌" : [ ] , "縣市別" : "桃園市"} , { "_id" : { "$oid" : "606f5e04ffa847b759c8697c"} , "執照類別" : "使用執照" , "核發執照字號" : "(70)桃縣建管使字第工00620號" , "原領執照字號" : "" , "變更設計次數" : "00" , "基地面積" : "0㎡" , "建築面積" : "0㎡" , "總樓地板面積" : "0㎡" , "建築物高度" : "0ｍ" , "地下避難面積" : "0㎡" , "法定空地面積" : "0㎡" , "建造類別" : "" , "構造別" : "" , "地上層數" : "0層" , "地下層數" : "0層" , "棟數" : "0棟" , "戶數" : "0戶" , "起造人代表人" : "" , "設計人" : "" , "監造人" : "" , "承造人" : "" , "雜項工作物" : "" , "停車空間" : "法定0輛，獎勵0輛，自設0輛" , "發照日期" : "年月日" , "實際開工日期" : "年月日" , "竣工日期" : "年月日" , "qtime" : "" , "樓層概要" : [ ] , "地號" : [ ] , "門牌" : [ ] , "縣市別" : "桃園市"} , { "_id" : { "$oid" : "606f5e04ffa847b759c8697d"} , "執照類別" : "使用執照" , "核發執照字號" : "(70)桃縣建管使字第工00621號" , "原領執照字號" : "" , "變更設計次數" : "00" , "基地面積" : "0㎡" , "建築面積" : "0㎡" , "總樓地板面積" : "0㎡" , "建築物高度" : "0ｍ" , "地下避難面積" : "0㎡" , "法定空地面積" : "0㎡" , "建造類別" : "" , "構造別" : "" , "地上層數" : "0層" , "地下層數" : "0層" , "棟數" : "0棟" , "戶數" : "0戶" , "起造人代表人" : "" , "設計人" : "" , "監造人" : "" , "承造人" : "" , "雜項工作物" : "" , "停車空間" : "法定0輛，獎勵0輛，自設0輛" , "發照日期" : "年月日" , "實際開工日期" : "年月日" , "竣工日期" : "年月日" , "qtime" : "" , "樓層概要" : [ ] , "地號" : [ ] , "門牌" : [ ] , "縣市別" : "桃園市"} , { "_id" : { "$oid" : "606f5e04ffa847b759c8697e"} , "執照類別" : "使用執照" , "核發執照字號" : "(70)桃縣建管使字第工00622號" , "原領執照字號" : "" , "變更設計次數" : "00" , "基地面積" : "0㎡" , "建築面積" : "0㎡" , "總樓地板面積" : "0㎡" , "建築物高度" : "0ｍ" , "地下避難面積" : "0㎡" , "法定空地面積" : "0㎡" , "建造類別" : "" , "構造別" : "" , "地上層數" : "0層" , "地下層數" : "0層" , "棟數" : "0棟" , "戶數" : "0戶" , "起造人代表人" : "" , "設計人" : "" , "監造人" : "" , "承造人" : "" , "雜項工作物" : "" , "停車空間" : "法定0輛，獎勵0輛，自設0輛" , "發照日期" : "年月日" , "實際開工日期" : "年月日" , "竣工日期" : "年月日" , "qtime" : "" , "樓層概要" : [ ] , "地號" : [ ] , "門牌" : [ ] , "縣市別" : "桃園市"} , { "_id" : { "$oid" : "606f5e04ffa847b759c8697f"} , "執照類別" : "使用執照" , "核發執照字號" : "(70)桃縣建管使字第工00623號" , "原領執照字號" : "" , "變更設計次數" : "00" , "基地面積" : "0㎡" , "建築面積" : "0㎡" , "總樓地板面積" : "0㎡" , "建築物高度" : "0ｍ" , "地下避難面積" : "0㎡" , "法定空地面積" : "0㎡" , "建造類別" : "" , "構造別" : "" , "地上層數" : "0層" , "地下層數" : "0層" , "棟數" : "0棟" , "戶數" : "0戶" , "起造人代表人" : "" , "設計人" : "" , "監造人" : "" , "承造人" : "" , "雜項工作物" : "" , "停車空間" : "法定0輛，獎勵0輛，自設0輛" , "發照日期" : "年月日" , "實際開工日期" : "年月日" , "竣工日期" : "年月日" , "qtime" : "" , "樓層概要" : [ ] , "地號" : [ ] , "門牌" : [ ] , "縣市別" : "桃園市"} , { "_id" : { "$oid" : "606f5e04ffa847b759c86980"} , "執照類別" : "使用執照" , "核發執照字號" : "(70)桃縣建管使字第工00624號" , "原領執照字號" : "" , "變更設計次數" : "00" , "基地面積" : "0㎡" , "建築面積" : "0㎡" , "總樓地板面積" : "0㎡" , "建築物高度" : "0ｍ" , "地下避難面積" : "0㎡" , "法定空地面積" : "0㎡" , "建造類別" : "" , "構造別" : "" , "地上層數" : "0層" , "地下層數" : "0層" , "棟數" : "0棟" , "戶數" : "0戶" , "起造人代表人" : "" , "設計人" : "" , "監造人" : "" , "承造人" : "" , "雜項工作物" : "" , "停車空間" : "法定0輛，獎勵0輛，自設0輛" , "發照日期" : "年月日" , "實際開工日期" : "年月日" , "竣工日期" : "年月日" , "qtime" : "" , "樓層概要" : [ ] , "地號" : [ ] , "門牌" : [ ] , "縣市別" : "桃園市"} , { "_id" : { "$oid" : "606f5e04ffa847b759c86981"} , "執照類別" : "使用執照" , "核發執照字號" : "(70)桃縣建管使字第工00625號" , "原領執照字號" : "" , "變更設計次數" : "00" , "基地面積" : "0㎡" , "建築面積" : "0㎡" , "總樓地板面積" : "0㎡" , "建築物高度" : "0ｍ" , "地下避難面積" : "0㎡" , "法定空地面積" : "0㎡" , "建造類別" : "" , "構造別" : "" , "地上層數" : "0層" , "地下層數" : "0層" , "棟數" : "0棟" , "戶數" : "0戶" , "起造人代表人" : "" , "設計人" : "" , "監造人" : "" , "承造人" : "" , "雜項工作物" : "" , "停車空間" : "法定0輛，獎勵0輛，自設0輛" , "發照日期" : "年月日" , "實際開工日期" : "年月日" , "竣工日期" : "年月日" , "qtime" : "" , "樓層概要" : [ ] , "地號" : [ ] , "門牌" : [ ] , "縣市別" : "桃園市"}]} 