{"data":[ { "_id" : { "$oid" : "606f5e0cffa847b759c896d3"} , "執照類別" : "使用執照" , "核發執照字號" : "(73)桃縣建管使字第工00278號" , "原領執照字號" : "" , "變更設計次數" : "00" , "基地面積" : "0㎡" , "建築面積" : "0㎡" , "總樓地板面積" : "0㎡" , "建築物高度" : "0ｍ" , "地下避難面積" : "0㎡" , "法定空地面積" : "0㎡" , "建造類別" : "" , "構造別" : "" , "地上層數" : "0層" , "地下層數" : "0層" , "棟數" : "0棟" , "戶數" : "0戶" , "起造人代表人" : "" , "設計人" : "" , "監造人" : "" , "承造人" : "" , "雜項工作物" : "" , "停車空間" : "法定0輛，獎勵0輛，自設0輛" , "發照日期" : "年月日" , "實際開工日期" : "年月日" , "竣工日期" : "年月日" , "qtime" : "" , "樓層概要" : [ ] , "地號" : [ ] , "門牌" : [ ] , "縣市別" : "桃園市"} , { "_id" : { "$oid" : "606f5e0cffa847b759c896d4"} , "執照類別" : "使用執照" , "核發執照字號" : "(73)桃縣建管使字第工00279號" , "原領執照字號" : "" , "變更設計次數" : "00" , "基地面積" : "0㎡" , "建築面積" : "0㎡" , "總樓地板面積" : "0㎡" , "建築物高度" : "0ｍ" , "地下避難面積" : "0㎡" , "法定空地面積" : "0㎡" , "建造類別" : "" , "構造別" : "" , "地上層數" : "0層" , "地下層數" : "0層" , "棟數" : "0棟" , "戶數" : "0戶" , "起造人代表人" : "" , "設計人" : "" , "監造人" : "" , "承造人" : "" , "雜項工作物" : "" , "停車空間" : "法定0輛，獎勵0輛，自設0輛" , "發照日期" : "年月日" , "實際開工日期" : "年月日" , "竣工日期" : "年月日" , "qtime" : "" , "樓層概要" : [ ] , "地號" : [ ] , "門牌" : [ ] , "縣市別" : "桃園市"} , { "_id" : { "$oid" : "606f5e0cffa847b759c896d5"} , "執照類別" : "使用執照" , "核發執照字號" : "(73)桃縣建管使字第工00280號" , "原領執照字號" : "" , "變更設計次數" : "00" , "基地面積" : "0㎡" , "建築面積" : "0㎡" , "總樓地板面積" : "0㎡" , "建築物高度" : "0ｍ" , "地下避難面積" : "0㎡" , "法定空地面積" : "0㎡" , "建造類別" : "" , "構造別" : "" , "地上層數" : "0層" , "地下層數" : "0層" , "棟數" : "0棟" , "戶數" : "0戶" , "起造人代表人" : "" , "設計人" : "" , "監造人" : "" , "承造人" : "" , "雜項工作物" : "" , "停車空間" : "法定0輛，獎勵0輛，自設0輛" , "發照日期" : "年月日" , "實際開工日期" : "年月日" , "竣工日期" : "年月日" , "qtime" : "" , "樓層概要" : [ ] , "地號" : [ ] , "門牌" : [ ] , "縣市別" : "桃園市"} , { "_id" : { "$oid" : "606f5e0cffa847b759c896d6"} , "執照類別" : "使用執照" , "核發執照字號" : "(73)桃縣建管使字第工00281號" , "原領執照字號" : "" , "變更設計次數" : "00" , "基地面積" : "0㎡" , "建築面積" : "0㎡" , "總樓地板面積" : "0㎡" , "建築物高度" : "0ｍ" , "地下避難面積" : "0㎡" , "法定空地面積" : "0㎡" , "建造類別" : "" , "構造別" : "" , "地上層數" : "0層" , "地下層數" : "0層" , "棟數" : "0棟" , "戶數" : "0戶" , "起造人代表人" : "" , "設計人" : "" , "監造人" : "" , "承造人" : "" , "雜項工作物" : "" , "停車空間" : "法定0輛，獎勵0輛，自設0輛" , "發照日期" : "年月日" , "實際開工日期" : "年月日" , "竣工日期" : "年月日" , "qtime" : "" , "樓層概要" : [ ] , "地號" : [ ] , "門牌" : [ ] , "縣市別" : "桃園市"} , { "_id" : { "$oid" : "606f5e0cffa847b759c896d7"} , "執照類別" : "使用執照" , "核發執照字號" : "(73)桃縣建管使字第工00282號" , "原領執照字號" : "" , "變更設計次數" : "00" , "基地面積" : "0㎡" , "建築面積" : "0㎡" , "總樓地板面積" : "0㎡" , "建築物高度" : "0ｍ" , "地下避難面積" : "0㎡" , "法定空地面積" : "0㎡" , "建造類別" : "" , "構造別" : "" , "地上層數" : "0層" , "地下層數" : "0層" , "棟數" : "0棟" , "戶數" : "0戶" , "起造人代表人" : "" , "設計人" : "" , "監造人" : "" , "承造人" : "" , "雜項工作物" : "" , "停車空間" : "法定0輛，獎勵0輛，自設0輛" , "發照日期" : "年月日" , "實際開工日期" : "年月日" , "竣工日期" : "年月日" , "qtime" : "" , "樓層概要" : [ ] , "地號" : [ ] , "門牌" : [ ] , "縣市別" : "桃園市"} , { "_id" : { "$oid" : "606f5e0cffa847b759c896d8"} , "執照類別" : "使用執照" , "核發執照字號" : "(73)桃縣建管使字第工00283號" , "原領執照字號" : "" , "變更設計次數" : "00" , "基地面積" : "0㎡" , "建築面積" : "0㎡" , "總樓地板面積" : "0㎡" , "建築物高度" : "0ｍ" , "地下避難面積" : "0㎡" , "法定空地面積" : "0㎡" , "建造類別" : "" , "構造別" : "" , "地上層數" : "0層" , "地下層數" : "0層" , "棟數" : "0棟" , "戶數" : "0戶" , "起造人代表人" : "" , "設計人" : "" , "監造人" : "" , "承造人" : "" , "雜項工作物" : "" , "停車空間" : "法定0輛，獎勵0輛，自設0輛" , "發照日期" : "年月日" , "實際開工日期" : "年月日" , "竣工日期" : "年月日" , "qtime" : "" , "樓層概要" : [ ] , "地號" : [ ] , "門牌" : [ ] , "縣市別" : "桃園市"} , { "_id" : { "$oid" : "606f5e0cffa847b759c896d9"} , "執照類別" : "使用執照" , "核發執照字號" : "(73)桃縣建管使字第工00284號" , "原領執照字號" : "" , "變更設計次數" : "00" , "基地面積" : "0㎡" , "建築面積" : "0㎡" , "總樓地板面積" : "0㎡" , "建築物高度" : "0ｍ" , "地下避難面積" : "0㎡" , "法定空地面積" : "0㎡" , "建造類別" : "" , "構造別" : "" , "地上層數" : "0層" , "地下層數" : "0層" , "棟數" : "0棟" , "戶數" : "0戶" , "起造人代表人" : "" , "設計人" : "" , "監造人" : "" , "承造人" : "" , "雜項工作物" : "" , "停車空間" : "法定0輛，獎勵0輛，自設0輛" , "發照日期" : "年月日" , "實際開工日期" : "年月日" , "竣工日期" : "年月日" , "qtime" : "" , "樓層概要" : [ ] , "地號" : [ ] , "門牌" : [ ] , "縣市別" : "桃園市"} , { "_id" : { "$oid" : "606f5e0cffa847b759c896da"} , "執照類別" : "使用執照" , "核發執照字號" : "(73)桃縣建管使字第工00286號" , "原領執照字號" : "" , "變更設計次數" : "00" , "基地面積" : "0㎡" , "建築面積" : "0㎡" , "總樓地板面積" : "0㎡" , "建築物高度" : "0ｍ" , "地下避難面積" : "0㎡" , "法定空地面積" : "0㎡" , "建造類別" : "" , "構造別" : "" , "地上層數" : "0層" , "地下層數" : "0層" , "棟數" : "0棟" , "戶數" : "0戶" , "起造人代表人" : "" , "設計人" : "" , "監造人" : "" , "承造人" : "" , "雜項工作物" : "" , "停車空間" : "法定0輛，獎勵0輛，自設0輛" , "發照日期" : "年月日" , "實際開工日期" : "年月日" , "竣工日期" : "年月日" , "qtime" : "" , "樓層概要" : [ ] , "地號" : [ ] , "門牌" : [ ] , "縣市別" : "桃園市"} , { "_id" : { "$oid" : "606f5e0cffa847b759c896db"} , "執照類別" : "使用執照" , "核發執照字號" : "(73)桃縣建管使字第工00287號" , "原領執照字號" : "" , "變更設計次數" : "00" , "基地面積" : "0㎡" , "建築面積" : "0㎡" , "總樓地板面積" : "0㎡" , "建築物高度" : "0ｍ" , "地下避難面積" : "0㎡" , "法定空地面積" : "0㎡" , "建造類別" : "" , "構造別" : "" , "地上層數" : "0層" , "地下層數" : "0層" , "棟數" : "0棟" , "戶數" : "0戶" , "起造人代表人" : "" , "設計人" : "" , "監造人" : "" , "承造人" : "" , "雜項工作物" : "" , "停車空間" : "法定0輛，獎勵0輛，自設0輛" , "發照日期" : "年月日" , "實際開工日期" : "年月日" , "竣工日期" : "年月日" , "qtime" : "" , "樓層概要" : [ ] , "地號" : [ ] , "門牌" : [ ] , "縣市別" : "桃園市"} , { "_id" : { "$oid" : "606f5e0cffa847b759c896dc"} , "執照類別" : "使用執照" , "核發執照字號" : "(73)桃縣建管使字第工00290號" , "原領執照字號" : "" , "變更設計次數" : "00" , "基地面積" : "0㎡" , "建築面積" : "0㎡" , "總樓地板面積" : "0㎡" , "建築物高度" : "0ｍ" , "地下避難面積" : "0㎡" , "法定空地面積" : "0㎡" , "建造類別" : "" , "構造別" : "" , "地上層數" : "0層" , "地下層數" : "0層" , "棟數" : "0棟" , "戶數" : "0戶" , "起造人代表人" : "" , "設計人" : "" , "監造人" : "" , "承造人" : "" , "雜項工作物" : "" , "停車空間" : "法定0輛，獎勵0輛，自設0輛" , "發照日期" : "年月日" , "實際開工日期" : "年月日" , "竣工日期" : "年月日" , "qtime" : "" , "樓層概要" : [ ] , "地號" : [ ] , "門牌" : [ ] , "縣市別" : "桃園市"} , { "_id" : { "$oid" : "606f5e0cffa847b759c896dd"} , "執照類別" : "使用執照" , "核發執照字號" : "(73)桃縣建管使字第工00292號" , "原領執照字號" : "" , "變更設計次數" : "00" , "基地面積" : "0㎡" , "建築面積" : "0㎡" , "總樓地板面積" : "0㎡" , "建築物高度" : "0ｍ" , "地下避難面積" : "0㎡" , "法定空地面積" : "0㎡" , "建造類別" : "" , "構造別" : "" , "地上層數" : "0層" , "地下層數" : "0層" , "棟數" : "0棟" , "戶數" : "0戶" , "起造人代表人" : "" , "設計人" : "" , "監造人" : "" , "承造人" : "" , "雜項工作物" : "" , "停車空間" : "法定0輛，獎勵0輛，自設0輛" , "發照日期" : "年月日" , "實際開工日期" : "年月日" , "竣工日期" : "年月日" , "qtime" : "" , "樓層概要" : [ ] , "地號" : [ ] , "門牌" : [ ] , "縣市別" : "桃園市"} , { "_id" : { "$oid" : "606f5e0cffa847b759c896de"} , "執照類別" : "使用執照" , "核發執照字號" : "(73)桃縣建管使字第工00293號" , "原領執照字號" : "" , "變更設計次數" : "00" , "基地面積" : "0㎡" , "建築面積" : "0㎡" , "總樓地板面積" : "0㎡" , "建築物高度" : "0ｍ" , "地下避難面積" : "0㎡" , "法定空地面積" : "0㎡" , "建造類別" : "" , "構造別" : "" , "地上層數" : "0層" , "地下層數" : "0層" , "棟數" : "0棟" , "戶數" : "0戶" , "起造人代表人" : "" , "設計人" : "" , "監造人" : "" , "承造人" : "" , "雜項工作物" : "" , "停車空間" : "法定0輛，獎勵0輛，自設0輛" , "發照日期" : "年月日" , "實際開工日期" : "年月日" , "竣工日期" : "年月日" , "qtime" : "" , "樓層概要" : [ ] , "地號" : [ ] , "門牌" : [ ] , "縣市別" : "桃園市"} , { "_id" : { "$oid" : "606f5e0cffa847b759c896df"} , "執照類別" : "使用執照" , "核發執照字號" : "(73)桃縣建管使字第工00296號" , "原領執照字號" : "" , "變更設計次數" : "00" , "基地面積" : "0㎡" , "建築面積" : "0㎡" , "總樓地板面積" : "0㎡" , "建築物高度" : "0ｍ" , "地下避難面積" : "0㎡" , "法定空地面積" : "0㎡" , "建造類別" : "" , "構造別" : "" , "地上層數" : "0層" , "地下層數" : "0層" , "棟數" : "0棟" , "戶數" : "0戶" , "起造人代表人" : "" , "設計人" : "" , "監造人" : "" , "承造人" : "" , "雜項工作物" : "" , "停車空間" : "法定0輛，獎勵0輛，自設0輛" , "發照日期" : "年月日" , "實際開工日期" : "年月日" , "竣工日期" : "年月日" , "qtime" : "" , "樓層概要" : [ ] , "地號" : [ ] , "門牌" : [ ] , "縣市別" : "桃園市"} , { "_id" : { "$oid" : "606f5e0cffa847b759c896e0"} , "執照類別" : "使用執照" , "核發執照字號" : "(73)桃縣建管使字第工00297號" , "原領執照字號" : "" , "變更設計次數" : "00" , "基地面積" : "0㎡" , "建築面積" : "0㎡" , "總樓地板面積" : "0㎡" , "建築物高度" : "0ｍ" , "地下避難面積" : "0㎡" , "法定空地面積" : "0㎡" , "建造類別" : "" , "構造別" : "" , "地上層數" : "0層" , "地下層數" : "0層" , "棟數" : "0棟" , "戶數" : "0戶" , "起造人代表人" : "" , "設計人" : "" , "監造人" : "" , "承造人" : "" , "雜項工作物" : "" , "停車空間" : "法定0輛，獎勵0輛，自設0輛" , "發照日期" : "年月日" , "實際開工日期" : "年月日" , "竣工日期" : "年月日" , "qtime" : "" , "樓層概要" : [ ] , "地號" : [ ] , "門牌" : [ ] , "縣市別" : "桃園市"} , { "_id" : { "$oid" : "606f5e0cffa847b759c896e1"} , "執照類別" : "使用執照" , "核發執照字號" : "(73)桃縣建管使字第工00298號" , "原領執照字號" : "" , "變更設計次數" : "00" , "基地面積" : "0㎡" , "建築面積" : "0㎡" , "總樓地板面積" : "0㎡" , "建築物高度" : "0ｍ" , "地下避難面積" : "0㎡" , "法定空地面積" : "0㎡" , "建造類別" : "" , "構造別" : "" , "地上層數" : "0層" , "地下層數" : "0層" , "棟數" : "0棟" , "戶數" : "0戶" , "起造人代表人" : "" , "設計人" : "" , "監造人" : "" , "承造人" : "" , "雜項工作物" : "" , "停車空間" : "法定0輛，獎勵0輛，自設0輛" , "發照日期" : "年月日" , "實際開工日期" : "年月日" , "竣工日期" : "年月日" , "qtime" : "" , "樓層概要" : [ ] , "地號" : [ ] , "門牌" : [ ] , "縣市別" : "桃園市"} , { "_id" : { "$oid" : "606f5e0cffa847b759c896e2"} , "執照類別" : "使用執照" , "核發執照字號" : "(73)桃縣建管使字第工00299號" , "原領執照字號" : "" , "變更設計次數" : "00" , "基地面積" : "0㎡" , "建築面積" : "0㎡" , "總樓地板面積" : "0㎡" , "建築物高度" : "0ｍ" , "地下避難面積" : "0㎡" , "法定空地面積" : "0㎡" , "建造類別" : "" , "構造別" : "" , "地上層數" : "0層" , "地下層數" : "0層" , "棟數" : "0棟" , "戶數" : "0戶" , "起造人代表人" : "" , "設計人" : "" , "監造人" : "" , "承造人" : "" , "雜項工作物" : "" , "停車空間" : "法定0輛，獎勵0輛，自設0輛" , "發照日期" : "年月日" , "實際開工日期" : "年月日" , "竣工日期" : "年月日" , "qtime" : "" , "樓層概要" : [ ] , "地號" : [ ] , "門牌" : [ ] , "縣市別" : "桃園市"} , { "_id" : { "$oid" : "606f5e0cffa847b759c896e3"} , "執照類別" : "使用執照" , "核發執照字號" : "(73)桃縣建管使字第工00300號" , "原領執照字號" : "" , "變更設計次數" : "00" , "基地面積" : "0㎡" , "建築面積" : "0㎡" , "總樓地板面積" : "0㎡" , "建築物高度" : "0ｍ" , "地下避難面積" : "0㎡" , "法定空地面積" : "0㎡" , "建造類別" : "" , "構造別" : "" , "地上層數" : "0層" , "地下層數" : "0層" , "棟數" : "0棟" , "戶數" : "0戶" , "起造人代表人" : "" , "設計人" : "" , "監造人" : "" , "承造人" : "" , "雜項工作物" : "" , "停車空間" : "法定0輛，獎勵0輛，自設0輛" , "發照日期" : "年月日" , "實際開工日期" : "年月日" , "竣工日期" : "年月日" , "qtime" : "" , "樓層概要" : [ ] , "地號" : [ ] , "門牌" : [ ] , "縣市別" : "桃園市"} , { "_id" : { "$oid" : "606f5e0cffa847b759c896e4"} , "執照類別" : "使用執照" , "核發執照字號" : "(73)桃縣建管使字第工00301號" , "原領執照字號" : "" , "變更設計次數" : "00" , "基地面積" : "0㎡" , "建築面積" : "0㎡" , "總樓地板面積" : "0㎡" , "建築物高度" : "0ｍ" , "地下避難面積" : "0㎡" , "法定空地面積" : "0㎡" , "建造類別" : "" , "構造別" : "" , "地上層數" : "0層" , "地下層數" : "0層" , "棟數" : "0棟" , "戶數" : "0戶" , "起造人代表人" : "" , "設計人" : "" , "監造人" : "" , "承造人" : "" , "雜項工作物" : "" , "停車空間" : "法定0輛，獎勵0輛，自設0輛" , "發照日期" : "年月日" , "實際開工日期" : "年月日" , "竣工日期" : "年月日" , "qtime" : "" , "樓層概要" : [ ] , "地號" : [ ] , "門牌" : [ ] , "縣市別" : "桃園市"} , { "_id" : { "$oid" : "606f5e0cffa847b759c896e5"} , "執照類別" : "使用執照" , "核發執照字號" : "(73)桃縣建管使字第工00302號" , "原領執照字號" : "" , "變更設計次數" : "00" , "基地面積" : "0㎡" , "建築面積" : "0㎡" , "總樓地板面積" : "0㎡" , "建築物高度" : "0ｍ" , "地下避難面積" : "0㎡" , "法定空地面積" : "0㎡" , "建造類別" : "" , "構造別" : "" , "地上層數" : "0層" , "地下層數" : "0層" , "棟數" : "0棟" , "戶數" : "0戶" , "起造人代表人" : "" , "設計人" : "" , "監造人" : "" , "承造人" : "" , "雜項工作物" : "" , "停車空間" : "法定0輛，獎勵0輛，自設0輛" , "發照日期" : "年月日" , "實際開工日期" : "年月日" , "竣工日期" : "年月日" , "qtime" : "" , "樓層概要" : [ ] , "地號" : [ ] , "門牌" : [ ] , "縣市別" : "桃園市"} , { "_id" : { "$oid" : "606f5e0cffa847b759c896e6"} , "執照類別" : "使用執照" , "核發執照字號" : "(73)桃縣建管使字第工00303號" , "原領執照字號" : "" , "變更設計次數" : "00" , "基地面積" : "0㎡" , "建築面積" : "0㎡" , "總樓地板面積" : "0㎡" , "建築物高度" : "0ｍ" , "地下避難面積" : "0㎡" , "法定空地面積" : "0㎡" , "建造類別" : "" , "構造別" : "" , "地上層數" : "0層" , "地下層數" : "0層" , "棟數" : "0棟" , "戶數" : "0戶" , "起造人代表人" : "" , "設計人" : "" , "監造人" : "" , "承造人" : "" , "雜項工作物" : "" , "停車空間" : "法定0輛，獎勵0輛，自設0輛" , "發照日期" : "年月日" , "實際開工日期" : "年月日" , "竣工日期" : "年月日" , "qtime" : "" , "樓層概要" : [ ] , "地號" : [ ] , "門牌" : [ ] , "縣市別" : "桃園市"} , { "_id" : { "$oid" : "606f5e0cffa847b759c896e7"} , "執照類別" : "使用執照" , "核發執照字號" : "(73)桃縣建管使字第工00304號" , "原領執照字號" : "" , "變更設計次數" : "00" , "基地面積" : "0㎡" , "建築面積" : "0㎡" , "總樓地板面積" : "0㎡" , "建築物高度" : "0ｍ" , "地下避難面積" : "0㎡" , "法定空地面積" : "0㎡" , "建造類別" : "" , "構造別" : "" , "地上層數" : "0層" , "地下層數" : "0層" , "棟數" : "0棟" , "戶數" : "0戶" , "起造人代表人" : "" , "設計人" : "" , "監造人" : "" , "承造人" : "" , "雜項工作物" : "" , "停車空間" : "法定0輛，獎勵0輛，自設0輛" , "發照日期" : "年月日" , "實際開工日期" : "年月日" , "竣工日期" : "年月日" , "qtime" : "" , "樓層概要" : [ ] , "地號" : [ ] , "門牌" : [ ] , "縣市別" : "桃園市"} , { "_id" : { "$oid" : "606f5e0cffa847b759c896e8"} , "執照類別" : "使用執照" , "核發執照字號" : "(73)桃縣建管使字第工00305號" , "原領執照字號" : "" , "變更設計次數" : "00" , "基地面積" : "0㎡" , "建築面積" : "0㎡" , "總樓地板面積" : "0㎡" , "建築物高度" : "0ｍ" , "地下避難面積" : "0㎡" , "法定空地面積" : "0㎡" , "建造類別" : "" , "構造別" : "" , "地上層數" : "0層" , "地下層數" : "0層" , "棟數" : "0棟" , "戶數" : "0戶" , "起造人代表人" : "" , "設計人" : "" , "監造人" : "" , "承造人" : "" , "雜項工作物" : "" , "停車空間" : "法定0輛，獎勵0輛，自設0輛" , "發照日期" : "年月日" , "實際開工日期" : "年月日" , "竣工日期" : "年月日" , "qtime" : "" , "樓層概要" : [ ] , "地號" : [ ] , "門牌" : [ ] , "縣市別" : "桃園市"} , { "_id" : { "$oid" : "606f5e0cffa847b759c896e9"} , "執照類別" : "使用執照" , "核發執照字號" : "(73)桃縣建管使字第工00308號" , "原領執照字號" : "" , "變更設計次數" : "00" , "基地面積" : "0㎡" , "建築面積" : "0㎡" , "總樓地板面積" : "0㎡" , "建築物高度" : "0ｍ" , "地下避難面積" : "0㎡" , "法定空地面積" : "0㎡" , "建造類別" : "" , "構造別" : "" , "地上層數" : "0層" , "地下層數" : "0層" , "棟數" : "0棟" , "戶數" : "0戶" , "起造人代表人" : "" , "設計人" : "" , "監造人" : "" , "承造人" : "" , "雜項工作物" : "" , "停車空間" : "法定0輛，獎勵0輛，自設0輛" , "發照日期" : "年月日" , "實際開工日期" : "年月日" , "竣工日期" : "年月日" , "qtime" : "" , "樓層概要" : [ ] , "地號" : [ ] , "門牌" : [ ] , "縣市別" : "桃園市"} , { "_id" : { "$oid" : "606f5e0cffa847b759c896ea"} , "執照類別" : "使用執照" , "核發執照字號" : "(73)桃縣建管使字第工00310號" , "原領執照字號" : "" , "變更設計次數" : "00" , "基地面積" : "0㎡" , "建築面積" : "0㎡" , "總樓地板面積" : "0㎡" , "建築物高度" : "0ｍ" , "地下避難面積" : "0㎡" , "法定空地面積" : "0㎡" , "建造類別" : "" , "構造別" : "" , "地上層數" : "0層" , "地下層數" : "0層" , "棟數" : "0棟" , "戶數" : "0戶" , "起造人代表人" : "" , "設計人" : "" , "監造人" : "" , "承造人" : "" , "雜項工作物" : "" , "停車空間" : "法定0輛，獎勵0輛，自設0輛" , "發照日期" : "年月日" , "實際開工日期" : "年月日" , "竣工日期" : "年月日" , "qtime" : "" , "樓層概要" : [ ] , "地號" : [ ] , "門牌" : [ ] , "縣市別" : "桃園市"} , { "_id" : { "$oid" : "606f5e0cffa847b759c896eb"} , "執照類別" : "使用執照" , "核發執照字號" : "(73)桃縣建管使字第工00311號" , "原領執照字號" : "" , "變更設計次數" : "00" , "基地面積" : "0㎡" , "建築面積" : "0㎡" , "總樓地板面積" : "0㎡" , "建築物高度" : "0ｍ" , "地下避難面積" : "0㎡" , "法定空地面積" : "0㎡" , "建造類別" : "" , "構造別" : "" , "地上層數" : "0層" , "地下層數" : "0層" , "棟數" : "0棟" , "戶數" : "0戶" , "起造人代表人" : "" , "設計人" : "" , "監造人" : "" , "承造人" : "" , "雜項工作物" : "" , "停車空間" : "法定0輛，獎勵0輛，自設0輛" , "發照日期" : "年月日" , "實際開工日期" : "年月日" , "竣工日期" : "年月日" , "qtime" : "" , "樓層概要" : [ ] , "地號" : [ ] , "門牌" : [ ] , "縣市別" : "桃園市"} , { "_id" : { "$oid" : "606f5e0cffa847b759c896ec"} , "執照類別" : "使用執照" , "核發執照字號" : "(73)桃縣建管使字第工00312號" , "原領執照字號" : "" , "變更設計次數" : "00" , "基地面積" : "0㎡" , "建築面積" : "0㎡" , "總樓地板面積" : "0㎡" , "建築物高度" : "0ｍ" , "地下避難面積" : "0㎡" , "法定空地面積" : "0㎡" , "建造類別" : "" , "構造別" : "" , "地上層數" : "0層" , "地下層數" : "0層" , "棟數" : "0棟" , "戶數" : "0戶" , "起造人代表人" : "" , "設計人" : "" , "監造人" : "" , "承造人" : "" , "雜項工作物" : "" , "停車空間" : "法定0輛，獎勵0輛，自設0輛" , "發照日期" : "年月日" , "實際開工日期" : "年月日" , "竣工日期" : "年月日" , "qtime" : "" , "樓層概要" : [ ] , "地號" : [ ] , "門牌" : [ ] , "縣市別" : "桃園市"} , { "_id" : { "$oid" : "606f5e0cffa847b759c896ed"} , "執照類別" : "使用執照" , "核發執照字號" : "(73)桃縣建管使字第工00313號" , "原領執照字號" : "" , "變更設計次數" : "00" , "基地面積" : "0㎡" , "建築面積" : "0㎡" , "總樓地板面積" : "0㎡" , "建築物高度" : "0ｍ" , "地下避難面積" : "0㎡" , "法定空地面積" : "0㎡" , "建造類別" : "" , "構造別" : "" , "地上層數" : "0層" , "地下層數" : "0層" , "棟數" : "0棟" , "戶數" : "0戶" , "起造人代表人" : "" , "設計人" : "" , "監造人" : "" , "承造人" : "" , "雜項工作物" : "" , "停車空間" : "法定0輛，獎勵0輛，自設0輛" , "發照日期" : "年月日" , "實際開工日期" : "年月日" , "竣工日期" : "年月日" , "qtime" : "" , "樓層概要" : [ ] , "地號" : [ ] , "門牌" : [ ] , "縣市別" : "桃園市"} , { "_id" : { "$oid" : "606f5e0cffa847b759c896ee"} , "執照類別" : "使用執照" , "核發執照字號" : "(73)桃縣建管使字第工00314號" , "原領執照字號" : "" , "變更設計次數" : "00" , "基地面積" : "0㎡" , "建築面積" : "0㎡" , "總樓地板面積" : "0㎡" , "建築物高度" : "0ｍ" , "地下避難面積" : "0㎡" , "法定空地面積" : "0㎡" , "建造類別" : "" , "構造別" : "" , "地上層數" : "0層" , "地下層數" : "0層" , "棟數" : "0棟" , "戶數" : "0戶" , "起造人代表人" : "" , "設計人" : "" , "監造人" : "" , "承造人" : "" , "雜項工作物" : "" , "停車空間" : "法定0輛，獎勵0輛，自設0輛" , "發照日期" : "年月日" , "實際開工日期" : "年月日" , "竣工日期" : "年月日" , "qtime" : "" , "樓層概要" : [ ] , "地號" : [ ] , "門牌" : [ ] , "縣市別" : "桃園市"} , { "_id" : { "$oid" : "606f5e0cffa847b759c896ef"} , "執照類別" : "使用執照" , "核發執照字號" : "(73)桃縣建管使字第工00315號" , "原領執照字號" : "" , "變更設計次數" : "00" , "基地面積" : "0㎡" , "建築面積" : "0㎡" , "總樓地板面積" : "0㎡" , "建築物高度" : "0ｍ" , "地下避難面積" : "0㎡" , "法定空地面積" : "0㎡" , "建造類別" : "" , "構造別" : "" , "地上層數" : "0層" , "地下層數" : "0層" , "棟數" : "0棟" , "戶數" : "0戶" , "起造人代表人" : "" , "設計人" : "" , "監造人" : "" , "承造人" : "" , "雜項工作物" : "" , "停車空間" : "法定0輛，獎勵0輛，自設0輛" , "發照日期" : "年月日" , "實際開工日期" : "年月日" , "竣工日期" : "年月日" , "qtime" : "" , "樓層概要" : [ ] , "地號" : [ ] , "門牌" : [ ] , "縣市別" : "桃園市"} , { "_id" : { "$oid" : "606f5e0cffa847b759c896f0"} , "執照類別" : "使用執照" , "核發執照字號" : "(73)桃縣建管使字第工00316號" , "原領執照字號" : "" , "變更設計次數" : "00" , "基地面積" : "0㎡" , "建築面積" : "0㎡" , "總樓地板面積" : "0㎡" , "建築物高度" : "0ｍ" , "地下避難面積" : "0㎡" , "法定空地面積" : "0㎡" , "建造類別" : "" , "構造別" : "" , "地上層數" : "0層" , "地下層數" : "0層" , "棟數" : "0棟" , "戶數" : "0戶" , "起造人代表人" : "" , "設計人" : "" , "監造人" : "" , "承造人" : "" , "雜項工作物" : "" , "停車空間" : "法定0輛，獎勵0輛，自設0輛" , "發照日期" : "年月日" , "實際開工日期" : "年月日" , "竣工日期" : "年月日" , "qtime" : "" , "樓層概要" : [ ] , "地號" : [ ] , "門牌" : [ ] , "縣市別" : "桃園市"} , { "_id" : { "$oid" : "606f5e0cffa847b759c896f1"} , "執照類別" : "使用執照" , "核發執照字號" : "(73)桃縣建管使字第工00318號" , "原領執照字號" : "" , "變更設計次數" : "00" , "基地面積" : "0㎡" , "建築面積" : "0㎡" , "總樓地板面積" : "0㎡" , "建築物高度" : "0ｍ" , "地下避難面積" : "0㎡" , "法定空地面積" : "0㎡" , "建造類別" : "" , "構造別" : "" , "地上層數" : "0層" , "地下層數" : "0層" , "棟數" : "0棟" , "戶數" : "0戶" , "起造人代表人" : "" , "設計人" : "" , "監造人" : "" , "承造人" : "" , "雜項工作物" : "" , "停車空間" : "法定0輛，獎勵0輛，自設0輛" , "發照日期" : "年月日" , "實際開工日期" : "年月日" , "竣工日期" : "年月日" , "qtime" : "" , "樓層概要" : [ ] , "地號" : [ ] , "門牌" : [ ] , "縣市別" : "桃園市"} , { "_id" : { "$oid" : "606f5e0cffa847b759c896f2"} , "執照類別" : "使用執照" , "核發執照字號" : "(73)桃縣建管使字第工00319號" , "原領執照字號" : "" , "變更設計次數" : "00" , "基地面積" : "0㎡" , "建築面積" : "0㎡" , "總樓地板面積" : "0㎡" , "建築物高度" : "0ｍ" , "地下避難面積" : "0㎡" , "法定空地面積" : "0㎡" , "建造類別" : "" , "構造別" : "" , "地上層數" : "0層" , "地下層數" : "0層" , "棟數" : "0棟" , "戶數" : "0戶" , "起造人代表人" : "" , "設計人" : "" , "監造人" : "" , "承造人" : "" , "雜項工作物" : "" , "停車空間" : "法定0輛，獎勵0輛，自設0輛" , "發照日期" : "年月日" , "實際開工日期" : "年月日" , "竣工日期" : "年月日" , "qtime" : "" , "樓層概要" : [ ] , "地號" : [ ] , "門牌" : [ ] , "縣市別" : "桃園市"} , { "_id" : { "$oid" : "606f5e0cffa847b759c896f3"} , "執照類別" : "使用執照" , "核發執照字號" : "(73)桃縣建管使字第工00320號" , "原領執照字號" : "" , "變更設計次數" : "00" , "基地面積" : "0㎡" , "建築面積" : "0㎡" , "總樓地板面積" : "0㎡" , "建築物高度" : "0ｍ" , "地下避難面積" : "0㎡" , "法定空地面積" : "0㎡" , "建造類別" : "" , "構造別" : "" , "地上層數" : "0層" , "地下層數" : "0層" , "棟數" : "0棟" , "戶數" : "0戶" , "起造人代表人" : "" , "設計人" : "" , "監造人" : "" , "承造人" : "" , "雜項工作物" : "" , "停車空間" : "法定0輛，獎勵0輛，自設0輛" , "發照日期" : "年月日" , "實際開工日期" : "年月日" , "竣工日期" : "年月日" , "qtime" : "" , "樓層概要" : [ ] , "地號" : [ ] , "門牌" : [ ] , "縣市別" : "桃園市"} , { "_id" : { "$oid" : "606f5e0cffa847b759c896f4"} , "執照類別" : "使用執照" , "核發執照字號" : "(73)桃縣建管使字第工00321號" , "原領執照字號" : "" , "變更設計次數" : "00" , "基地面積" : "0㎡" , "建築面積" : "0㎡" , "總樓地板面積" : "0㎡" , "建築物高度" : "0ｍ" , "地下避難面積" : "0㎡" , "法定空地面積" : "0㎡" , "建造類別" : "" , "構造別" : "" , "地上層數" : "0層" , "地下層數" : "0層" , "棟數" : "0棟" , "戶數" : "0戶" , "起造人代表人" : "" , "設計人" : "" , "監造人" : "" , "承造人" : "" , "雜項工作物" : "" , "停車空間" : "法定0輛，獎勵0輛，自設0輛" , "發照日期" : "年月日" , "實際開工日期" : "年月日" , "竣工日期" : "年月日" , "qtime" : "" , "樓層概要" : [ ] , "地號" : [ ] , "門牌" : [ ] , "縣市別" : "桃園市"} , { "_id" : { "$oid" : "606f5e0cffa847b759c896f5"} , "執照類別" : "使用執照" , "核發執照字號" : "(73)桃縣建管使字第工00322號" , "原領執照字號" : "" , "變更設計次數" : "00" , "基地面積" : "0㎡" , "建築面積" : "0㎡" , "總樓地板面積" : "0㎡" , "建築物高度" : "0ｍ" , "地下避難面積" : "0㎡" , "法定空地面積" : "0㎡" , "建造類別" : "" , "構造別" : "" , "地上層數" : "0層" , "地下層數" : "0層" , "棟數" : "0棟" , "戶數" : "0戶" , "起造人代表人" : "" , "設計人" : "" , "監造人" : "" , "承造人" : "" , "雜項工作物" : "" , "停車空間" : "法定0輛，獎勵0輛，自設0輛" , "發照日期" : "年月日" , "實際開工日期" : "年月日" , "竣工日期" : "年月日" , "qtime" : "" , "樓層概要" : [ ] , "地號" : [ ] , "門牌" : [ ] , "縣市別" : "桃園市"} , { "_id" : { "$oid" : "606f5e0cffa847b759c896f6"} , "執照類別" : "使用執照" , "核發執照字號" : "(73)桃縣建管使字第工00323號" , "原領執照字號" : "" , "變更設計次數" : "00" , "基地面積" : "0㎡" , "建築面積" : "0㎡" , "總樓地板面積" : "0㎡" , "建築物高度" : "0ｍ" , "地下避難面積" : "0㎡" , "法定空地面積" : "0㎡" , "建造類別" : "" , "構造別" : "" , "地上層數" : "0層" , "地下層數" : "0層" , "棟數" : "0棟" , "戶數" : "0戶" , "起造人代表人" : "" , "設計人" : "" , "監造人" : "" , "承造人" : "" , "雜項工作物" : "" , "停車空間" : "法定0輛，獎勵0輛，自設0輛" , "發照日期" : "年月日" , "實際開工日期" : "年月日" , "竣工日期" : "年月日" , "qtime" : "" , "樓層概要" : [ ] , "地號" : [ ] , "門牌" : [ ] , "縣市別" : "桃園市"} , { "_id" : { "$oid" : "606f5e0cffa847b759c896f7"} , "執照類別" : "使用執照" , "核發執照字號" : "(73)桃縣建管使字第工00324號" , "原領執照字號" : "" , "變更設計次數" : "00" , "基地面積" : "0㎡" , "建築面積" : "0㎡" , "總樓地板面積" : "0㎡" , "建築物高度" : "0ｍ" , "地下避難面積" : "0㎡" , "法定空地面積" : "0㎡" , "建造類別" : "" , "構造別" : "" , "地上層數" : "0層" , "地下層數" : "0層" , "棟數" : "0棟" , "戶數" : "0戶" , "起造人代表人" : "" , "設計人" : "" , "監造人" : "" , "承造人" : "" , "雜項工作物" : "" , "停車空間" : "法定0輛，獎勵0輛，自設0輛" , "發照日期" : "年月日" , "實際開工日期" : "年月日" , "竣工日期" : "年月日" , "qtime" : "" , "樓層概要" : [ ] , "地號" : [ ] , "門牌" : [ ] , "縣市別" : "桃園市"} , { "_id" : { "$oid" : "606f5e0cffa847b759c896f8"} , "執照類別" : "使用執照" , "核發執照字號" : "(73)桃縣建管使字第工00325號" , "原領執照字號" : "" , "變更設計次數" : "00" , "基地面積" : "0㎡" , "建築面積" : "0㎡" , "總樓地板面積" : "0㎡" , "建築物高度" : "0ｍ" , "地下避難面積" : "0㎡" , "法定空地面積" : "0㎡" , "建造類別" : "" , "構造別" : "" , "地上層數" : "0層" , "地下層數" : "0層" , "棟數" : "0棟" , "戶數" : "0戶" , "起造人代表人" : "" , "設計人" : "" , "監造人" : "" , "承造人" : "" , "雜項工作物" : "" , "停車空間" : "法定0輛，獎勵0輛，自設0輛" , "發照日期" : "年月日" , "實際開工日期" : "年月日" , "竣工日期" : "年月日" , "qtime" : "" , "樓層概要" : [ ] , "地號" : [ ] , "門牌" : [ ] , "縣市別" : "桃園市"} , { "_id" : { "$oid" : "606f5e0cffa847b759c896f9"} , "執照類別" : "使用執照" , "核發執照字號" : "(73)桃縣建管使字第工00326號" , "原領執照字號" : "" , "變更設計次數" : "00" , "基地面積" : "0㎡" , "建築面積" : "0㎡" , "總樓地板面積" : "0㎡" , "建築物高度" : "0ｍ" , "地下避難面積" : "0㎡" , "法定空地面積" : "0㎡" , "建造類別" : "" , "構造別" : "" , "地上層數" : "0層" , "地下層數" : "0層" , "棟數" : "0棟" , "戶數" : "0戶" , "起造人代表人" : "" , "設計人" : "" , "監造人" : "" , "承造人" : "" , "雜項工作物" : "" , "停車空間" : "法定0輛，獎勵0輛，自設0輛" , "發照日期" : "年月日" , "實際開工日期" : "年月日" , "竣工日期" : "年月日" , "qtime" : "" , "樓層概要" : [ ] , "地號" : [ ] , "門牌" : [ ] , "縣市別" : "桃園市"} , { "_id" : { "$oid" : "606f5e0cffa847b759c896fa"} , "執照類別" : "使用執照" , "核發執照字號" : "(73)桃縣建管使字第工00327號" , "原領執照字號" : "" , "變更設計次數" : "00" , "基地面積" : "0㎡" , "建築面積" : "0㎡" , "總樓地板面積" : "0㎡" , "建築物高度" : "0ｍ" , "地下避難面積" : "0㎡" , "法定空地面積" : "0㎡" , "建造類別" : "" , "構造別" : "" , "地上層數" : "0層" , "地下層數" : "0層" , "棟數" : "0棟" , "戶數" : "0戶" , "起造人代表人" : "" , "設計人" : "" , "監造人" : "" , "承造人" : "" , "雜項工作物" : "" , "停車空間" : "法定0輛，獎勵0輛，自設0輛" , "發照日期" : "年月日" , "實際開工日期" : "年月日" , "竣工日期" : "年月日" , "qtime" : "" , "樓層概要" : [ ] , "地號" : [ ] , "門牌" : [ ] , "縣市別" : "桃園市"} , { "_id" : { "$oid" : "606f5e0cffa847b759c896fb"} , "執照類別" : "使用執照" , "核發執照字號" : "(73)桃縣建管使字第工00328號" , "原領執照字號" : "" , "變更設計次數" : "00" , "基地面積" : "0㎡" , "建築面積" : "0㎡" , "總樓地板面積" : "0㎡" , "建築物高度" : "0ｍ" , "地下避難面積" : "0㎡" , "法定空地面積" : "0㎡" , "建造類別" : "" , "構造別" : "" , "地上層數" : "0層" , "地下層數" : "0層" , "棟數" : "0棟" , "戶數" : "0戶" , "起造人代表人" : "" , "設計人" : "" , "監造人" : "" , "承造人" : "" , "雜項工作物" : "" , "停車空間" : "法定0輛，獎勵0輛，自設0輛" , "發照日期" : "年月日" , "實際開工日期" : "年月日" , "竣工日期" : "年月日" , "qtime" : "" , "樓層概要" : [ ] , "地號" : [ ] , "門牌" : [ ] , "縣市別" : "桃園市"} , { "_id" : { "$oid" : "606f5e0cffa847b759c896fc"} , "執照類別" : "使用執照" , "核發執照字號" : "(73)桃縣建管使字第工00329號" , "原領執照字號" : "" , "變更設計次數" : "00" , "基地面積" : "0㎡" , "建築面積" : "0㎡" , "總樓地板面積" : "0㎡" , "建築物高度" : "0ｍ" , "地下避難面積" : "0㎡" , "法定空地面積" : "0㎡" , "建造類別" : "" , "構造別" : "" , "地上層數" : "0層" , "地下層數" : "0層" , "棟數" : "0棟" , "戶數" : "0戶" , "起造人代表人" : "" , "設計人" : "" , "監造人" : "" , "承造人" : "" , "雜項工作物" : "" , "停車空間" : "法定0輛，獎勵0輛，自設0輛" , "發照日期" : "年月日" , "實際開工日期" : "年月日" , "竣工日期" : "年月日" , "qtime" : "" , "樓層概要" : [ ] , "地號" : [ ] , "門牌" : [ ] , "縣市別" : "桃園市"} , { "_id" : { "$oid" : "606f5e0cffa847b759c896fd"} , "執照類別" : "使用執照" , "核發執照字號" : "(73)桃縣建管使字第工00330號" , "原領執照字號" : "" , "變更設計次數" : "00" , "基地面積" : "0㎡" , "建築面積" : "0㎡" , "總樓地板面積" : "0㎡" , "建築物高度" : "0ｍ" , "地下避難面積" : "0㎡" , "法定空地面積" : "0㎡" , "建造類別" : "" , "構造別" : "" , "地上層數" : "0層" , "地下層數" : "0層" , "棟數" : "0棟" , "戶數" : "0戶" , "起造人代表人" : "" , "設計人" : "" , "監造人" : "" , "承造人" : "" , "雜項工作物" : "" , "停車空間" : "法定0輛，獎勵0輛，自設0輛" , "發照日期" : "年月日" , "實際開工日期" : "年月日" , "竣工日期" : "年月日" , "qtime" : "" , "樓層概要" : [ ] , "地號" : [ ] , "門牌" : [ ] , "縣市別" : "桃園市"} , { "_id" : { "$oid" : "606f5e0cffa847b759c896fe"} , "執照類別" : "使用執照" , "核發執照字號" : "(73)桃縣建管使字第工00331號" , "原領執照字號" : "" , "變更設計次數" : "00" , "基地面積" : "0㎡" , "建築面積" : "0㎡" , "總樓地板面積" : "0㎡" , "建築物高度" : "0ｍ" , "地下避難面積" : "0㎡" , "法定空地面積" : "0㎡" , "建造類別" : "" , "構造別" : "" , "地上層數" : "0層" , "地下層數" : "0層" , "棟數" : "0棟" , "戶數" : "0戶" , "起造人代表人" : "" , "設計人" : "" , "監造人" : "" , "承造人" : "" , "雜項工作物" : "" , "停車空間" : "法定0輛，獎勵0輛，自設0輛" , "發照日期" : "年月日" , "實際開工日期" : "年月日" , "竣工日期" : "年月日" , "qtime" : "" , "樓層概要" : [ ] , "地號" : [ ] , "門牌" : [ ] , "縣市別" : "桃園市"} , { "_id" : { "$oid" : "606f5e0cffa847b759c896ff"} , "執照類別" : "使用執照" , "核發執照字號" : "(73)桃縣建管使字第工00332號" , "原領執照字號" : "" , "變更設計次數" : "00" , "基地面積" : "0㎡" , "建築面積" : "0㎡" , "總樓地板面積" : "0㎡" , "建築物高度" : "0ｍ" , "地下避難面積" : "0㎡" , "法定空地面積" : "0㎡" , "建造類別" : "" , "構造別" : "" , "地上層數" : "0層" , "地下層數" : "0層" , "棟數" : "0棟" , "戶數" : "0戶" , "起造人代表人" : "" , "設計人" : "" , "監造人" : "" , "承造人" : "" , "雜項工作物" : "" , "停車空間" : "法定0輛，獎勵0輛，自設0輛" , "發照日期" : "年月日" , "實際開工日期" : "年月日" , "竣工日期" : "年月日" , "qtime" : "" , "樓層概要" : [ ] , "地號" : [ ] , "門牌" : [ ] , "縣市別" : "桃園市"} , { "_id" : { "$oid" : "606f5e0cffa847b759c89700"} , "執照類別" : "使用執照" , "核發執照字號" : "(73)桃縣建管使字第工00333號" , "原領執照字號" : "" , "變更設計次數" : "00" , "基地面積" : "0㎡" , "建築面積" : "0㎡" , "總樓地板面積" : "0㎡" , "建築物高度" : "0ｍ" , "地下避難面積" : "0㎡" , "法定空地面積" : "0㎡" , "建造類別" : "" , "構造別" : "" , "地上層數" : "0層" , "地下層數" : "0層" , "棟數" : "0棟" , "戶數" : "0戶" , "起造人代表人" : "" , "設計人" : "" , "監造人" : "" , "承造人" : "" , "雜項工作物" : "" , "停車空間" : "法定0輛，獎勵0輛，自設0輛" , "發照日期" : "年月日" , "實際開工日期" : "年月日" , "竣工日期" : "年月日" , "qtime" : "" , "樓層概要" : [ ] , "地號" : [ ] , "門牌" : [ ] , "縣市別" : "桃園市"} , { "_id" : { "$oid" : "606f5e0cffa847b759c89701"} , "執照類別" : "使用執照" , "核發執照字號" : "(73)桃縣建管使字第工00334號" , "原領執照字號" : "" , "變更設計次數" : "00" , "基地面積" : "0㎡" , "建築面積" : "0㎡" , "總樓地板面積" : "0㎡" , "建築物高度" : "0ｍ" , "地下避難面積" : "0㎡" , "法定空地面積" : "0㎡" , "建造類別" : "" , "構造別" : "" , "地上層數" : "0層" , "地下層數" : "0層" , "棟數" : "0棟" , "戶數" : "0戶" , "起造人代表人" : "" , "設計人" : "" , "監造人" : "" , "承造人" : "" , "雜項工作物" : "" , "停車空間" : "法定0輛，獎勵0輛，自設0輛" , "發照日期" : "年月日" , "實際開工日期" : "年月日" , "竣工日期" : "年月日" , "qtime" : "" , "樓層概要" : [ ] , "地號" : [ ] , "門牌" : [ ] , "縣市別" : "桃園市"} , { "_id" : { "$oid" : "606f5e0cffa847b759c89702"} , "執照類別" : "使用執照" , "核發執照字號" : "(73)桃縣建管使字第工00335號" , "原領執照字號" : "" , "變更設計次數" : "00" , "基地面積" : "0㎡" , "建築面積" : "0㎡" , "總樓地板面積" : "0㎡" , "建築物高度" : "0ｍ" , "地下避難面積" : "0㎡" , "法定空地面積" : "0㎡" , "建造類別" : "" , "構造別" : "" , "地上層數" : "0層" , "地下層數" : "0層" , "棟數" : "0棟" , "戶數" : "0戶" , "起造人代表人" : "" , "設計人" : "" , "監造人" : "" , "承造人" : "" , "雜項工作物" : "" , "停車空間" : "法定0輛，獎勵0輛，自設0輛" , "發照日期" : "年月日" , "實際開工日期" : "年月日" , "竣工日期" : "年月日" , "qtime" : "" , "樓層概要" : [ ] , "地號" : [ ] , "門牌" : [ ] , "縣市別" : "桃園市"} , { "_id" : { "$oid" : "606f5e0cffa847b759c89703"} , "執照類別" : "使用執照" , "核發執照字號" : "(73)桃縣建管使字第工00337號" , "原領執照字號" : "" , "變更設計次數" : "00" , "基地面積" : "0㎡" , "建築面積" : "0㎡" , "總樓地板面積" : "0㎡" , "建築物高度" : "0ｍ" , "地下避難面積" : "0㎡" , "法定空地面積" : "0㎡" , "建造類別" : "" , "構造別" : "" , "地上層數" : "0層" , "地下層數" : "0層" , "棟數" : "0棟" , "戶數" : "0戶" , "起造人代表人" : "" , "設計人" : "" , "監造人" : "" , "承造人" : "" , "雜項工作物" : "" , "停車空間" : "法定0輛，獎勵0輛，自設0輛" , "發照日期" : "年月日" , "實際開工日期" : "年月日" , "竣工日期" : "年月日" , "qtime" : "" , "樓層概要" : [ ] , "地號" : [ ] , "門牌" : [ ] , "縣市別" : "桃園市"} , { "_id" : { "$oid" : "606f5e0cffa847b759c89704"} , "執照類別" : "使用執照" , "核發執照字號" : "(73)桃縣建管使字第工00338號" , "原領執照字號" : "" , "變更設計次數" : "00" , "基地面積" : "0㎡" , "建築面積" : "0㎡" , "總樓地板面積" : "0㎡" , "建築物高度" : "0ｍ" , "地下避難面積" : "0㎡" , "法定空地面積" : "0㎡" , "建造類別" : "" , "構造別" : "" , "地上層數" : "0層" , "地下層數" : "0層" , "棟數" : "0棟" , "戶數" : "0戶" , "起造人代表人" : "" , "設計人" : "" , "監造人" : "" , "承造人" : "" , "雜項工作物" : "" , "停車空間" : "法定0輛，獎勵0輛，自設0輛" , "發照日期" : "年月日" , "實際開工日期" : "年月日" , "竣工日期" : "年月日" , "qtime" : "" , "樓層概要" : [ ] , "地號" : [ ] , "門牌" : [ ] , "縣市別" : "桃園市"} , { "_id" : { "$oid" : "606f5e0cffa847b759c89705"} , "執照類別" : "使用執照" , "核發執照字號" : "(73)桃縣建管使字第工00339號" , "原領執照字號" : "" , "變更設計次數" : "00" , "基地面積" : "0㎡" , "建築面積" : "0㎡" , "總樓地板面積" : "0㎡" , "建築物高度" : "0ｍ" , "地下避難面積" : "0㎡" , "法定空地面積" : "0㎡" , "建造類別" : "" , "構造別" : "" , "地上層數" : "0層" , "地下層數" : "0層" , "棟數" : "0棟" , "戶數" : "0戶" , "起造人代表人" : "" , "設計人" : "" , "監造人" : "" , "承造人" : "" , "雜項工作物" : "" , "停車空間" : "法定0輛，獎勵0輛，自設0輛" , "發照日期" : "年月日" , "實際開工日期" : "年月日" , "竣工日期" : "年月日" , "qtime" : "" , "樓層概要" : [ ] , "地號" : [ ] , "門牌" : [ ] , "縣市別" : "桃園市"} , { "_id" : { "$oid" : "606f5e0cffa847b759c89706"} , "執照類別" : "使用執照" , "核發執照字號" : "(73)桃縣建管使字第工00340號" , "原領執照字號" : "" , "變更設計次數" : "00" , "基地面積" : "0㎡" , "建築面積" : "0㎡" , "總樓地板面積" : "0㎡" , "建築物高度" : "0ｍ" , "地下避難面積" : "0㎡" , "法定空地面積" : "0㎡" , "建造類別" : "" , "構造別" : "" , "地上層數" : "0層" , "地下層數" : "0層" , "棟數" : "0棟" , "戶數" : "0戶" , "起造人代表人" : "" , "設計人" : "" , "監造人" : "" , "承造人" : "" , "雜項工作物" : "" , "停車空間" : "法定0輛，獎勵0輛，自設0輛" , "發照日期" : "年月日" , "實際開工日期" : "年月日" , "竣工日期" : "年月日" , "qtime" : "" , "樓層概要" : [ ] , "地號" : [ ] , "門牌" : [ ] , "縣市別" : "桃園市"} , { "_id" : { "$oid" : "606f5e0cffa847b759c89707"} , "執照類別" : "使用執照" , "核發執照字號" : "(73)桃縣建管使字第工00345號" , "原領執照字號" : "" , "變更設計次數" : "00" , "基地面積" : "0㎡" , "建築面積" : "0㎡" , "總樓地板面積" : "0㎡" , "建築物高度" : "0ｍ" , "地下避難面積" : "0㎡" , "法定空地面積" : "0㎡" , "建造類別" : "" , "構造別" : "" , "地上層數" : "0層" , "地下層數" : "0層" , "棟數" : "0棟" , "戶數" : "0戶" , "起造人代表人" : "" , "設計人" : "" , "監造人" : "" , "承造人" : "" , "雜項工作物" : "" , "停車空間" : "法定0輛，獎勵0輛，自設0輛" , "發照日期" : "年月日" , "實際開工日期" : "年月日" , "竣工日期" : "年月日" , "qtime" : "" , "樓層概要" : [ ] , "地號" : [ ] , "門牌" : [ ] , "縣市別" : "桃園市"} , { "_id" : { "$oid" : "606f5e0cffa847b759c89708"} , "執照類別" : "使用執照" , "核發執照字號" : "(73)桃縣建管使字第工00347號" , "原領執照字號" : "" , "變更設計次數" : "00" , "基地面積" : "0㎡" , "建築面積" : "0㎡" , "總樓地板面積" : "0㎡" , "建築物高度" : "0ｍ" , "地下避難面積" : "0㎡" , "法定空地面積" : "0㎡" , "建造類別" : "" , "構造別" : "" , "地上層數" : "0層" , "地下層數" : "0層" , "棟數" : "0棟" , "戶數" : "0戶" , "起造人代表人" : "" , "設計人" : "" , "監造人" : "" , "承造人" : "" , "雜項工作物" : "" , "停車空間" : "法定0輛，獎勵0輛，自設0輛" , "發照日期" : "年月日" , "實際開工日期" : "年月日" , "竣工日期" : "年月日" , "qtime" : "" , "樓層概要" : [ ] , "地號" : [ ] , "門牌" : [ ] , "縣市別" : "桃園市"} , { "_id" : { "$oid" : "606f5e0cffa847b759c89709"} , "執照類別" : "使用執照" , "核發執照字號" : "(73)桃縣建管使字第工00348號" , "原領執照字號" : "" , "變更設計次數" : "00" , "基地面積" : "0㎡" , "建築面積" : "0㎡" , "總樓地板面積" : "0㎡" , "建築物高度" : "0ｍ" , "地下避難面積" : "0㎡" , "法定空地面積" : "0㎡" , "建造類別" : "" , "構造別" : "" , "地上層數" : "0層" , "地下層數" : "0層" , "棟數" : "0棟" , "戶數" : "0戶" , "起造人代表人" : "" , "設計人" : "" , "監造人" : "" , "承造人" : "" , "雜項工作物" : "" , "停車空間" : "法定0輛，獎勵0輛，自設0輛" , "發照日期" : "年月日" , "實際開工日期" : "年月日" , "竣工日期" : "年月日" , "qtime" : "" , "樓層概要" : [ ] , "地號" : [ ] , "門牌" : [ ] , "縣市別" : "桃園市"} , { "_id" : { "$oid" : "606f5e0cffa847b759c8970a"} , "執照類別" : "使用執照" , "核發執照字號" : "(73)桃縣建管使字第工00349號" , "原領執照字號" : "" , "變更設計次數" : "00" , "基地面積" : "0㎡" , "建築面積" : "0㎡" , "總樓地板面積" : "0㎡" , "建築物高度" : "0ｍ" , "地下避難面積" : "0㎡" , "法定空地面積" : "0㎡" , "建造類別" : "" , "構造別" : "" , "地上層數" : "0層" , "地下層數" : "0層" , "棟數" : "0棟" , "戶數" : "0戶" , "起造人代表人" : "" , "設計人" : "" , "監造人" : "" , "承造人" : "" , "雜項工作物" : "" , "停車空間" : "法定0輛，獎勵0輛，自設0輛" , "發照日期" : "年月日" , "實際開工日期" : "年月日" , "竣工日期" : "年月日" , "qtime" : "" , "樓層概要" : [ ] , "地號" : [ ] , "門牌" : [ ] , "縣市別" : "桃園市"} , { "_id" : { "$oid" : "606f5e0cffa847b759c8970b"} , "執照類別" : "使用執照" , "核發執照字號" : "(73)桃縣建管使字第工00350號" , "原領執照字號" : "" , "變更設計次數" : "00" , "基地面積" : "0㎡" , "建築面積" : "0㎡" , "總樓地板面積" : "0㎡" , "建築物高度" : "0ｍ" , "地下避難面積" : "0㎡" , "法定空地面積" : "0㎡" , "建造類別" : "" , "構造別" : "" , "地上層數" : "0層" , "地下層數" : "0層" , "棟數" : "0棟" , "戶數" : "0戶" , "起造人代表人" : "" , "設計人" : "" , "監造人" : "" , "承造人" : "" , "雜項工作物" : "" , "停車空間" : "法定0輛，獎勵0輛，自設0輛" , "發照日期" : "年月日" , "實際開工日期" : "年月日" , "竣工日期" : "年月日" , "qtime" : "" , "樓層概要" : [ ] , "地號" : [ ] , "門牌" : [ ] , "縣市別" : "桃園市"} , { "_id" : { "$oid" : "606f5e0cffa847b759c8970c"} , "執照類別" : "使用執照" , "核發執照字號" : "(73)桃縣建管使字第工00351號" , "原領執照字號" : "" , "變更設計次數" : "00" , "基地面積" : "0㎡" , "建築面積" : "0㎡" , "總樓地板面積" : "0㎡" , "建築物高度" : "0ｍ" , "地下避難面積" : "0㎡" , "法定空地面積" : "0㎡" , "建造類別" : "" , "構造別" : "" , "地上層數" : "0層" , "地下層數" : "0層" , "棟數" : "0棟" , "戶數" : "0戶" , "起造人代表人" : "" , "設計人" : "" , "監造人" : "" , "承造人" : "" , "雜項工作物" : "" , "停車空間" : "法定0輛，獎勵0輛，自設0輛" , "發照日期" : "年月日" , "實際開工日期" : "年月日" , "竣工日期" : "年月日" , "qtime" : "" , "樓層概要" : [ ] , "地號" : [ ] , "門牌" : [ ] , "縣市別" : "桃園市"} , { "_id" : { "$oid" : "606f5e0cffa847b759c8970d"} , "執照類別" : "使用執照" , "核發執照字號" : "(73)桃縣建管使字第工00352號" , "原領執照字號" : "" , "變更設計次數" : "00" , "基地面積" : "0㎡" , "建築面積" : "0㎡" , "總樓地板面積" : "0㎡" , "建築物高度" : "0ｍ" , "地下避難面積" : "0㎡" , "法定空地面積" : "0㎡" , "建造類別" : "" , "構造別" : "" , "地上層數" : "0層" , "地下層數" : "0層" , "棟數" : "0棟" , "戶數" : "0戶" , "起造人代表人" : "" , "設計人" : "" , "監造人" : "" , "承造人" : "" , "雜項工作物" : "" , "停車空間" : "法定0輛，獎勵0輛，自設0輛" , "發照日期" : "年月日" , "實際開工日期" : "年月日" , "竣工日期" : "年月日" , "qtime" : "" , "樓層概要" : [ ] , "地號" : [ ] , "門牌" : [ ] , "縣市別" : "桃園市"} , { "_id" : { "$oid" : "606f5e0cffa847b759c8970e"} , "執照類別" : "使用執照" , "核發執照字號" : "(73)桃縣建管使字第工00353號" , "原領執照字號" : "" , "變更設計次數" : "00" , "基地面積" : "0㎡" , "建築面積" : "0㎡" , "總樓地板面積" : "0㎡" , "建築物高度" : "0ｍ" , "地下避難面積" : "0㎡" , "法定空地面積" : "0㎡" , "建造類別" : "" , "構造別" : "" , "地上層數" : "0層" , "地下層數" : "0層" , "棟數" : "0棟" , "戶數" : "0戶" , "起造人代表人" : "" , "設計人" : "" , "監造人" : "" , "承造人" : "" , "雜項工作物" : "" , "停車空間" : "法定0輛，獎勵0輛，自設0輛" , "發照日期" : "年月日" , "實際開工日期" : "年月日" , "竣工日期" : "年月日" , "qtime" : "" , "樓層概要" : [ ] , "地號" : [ ] , "門牌" : [ ] , "縣市別" : "桃園市"} , { "_id" : { "$oid" : "606f5e0cffa847b759c8970f"} , "執照類別" : "使用執照" , "核發執照字號" : "(73)桃縣建管使字第工00354號" , "原領執照字號" : "" , "變更設計次數" : "00" , "基地面積" : "0㎡" , "建築面積" : "0㎡" , "總樓地板面積" : "0㎡" , "建築物高度" : "0ｍ" , "地下避難面積" : "0㎡" , "法定空地面積" : "0㎡" , "建造類別" : "" , "構造別" : "" , "地上層數" : "0層" , "地下層數" : "0層" , "棟數" : "0棟" , "戶數" : "0戶" , "起造人代表人" : "" , "設計人" : "" , "監造人" : "" , "承造人" : "" , "雜項工作物" : "" , "停車空間" : "法定0輛，獎勵0輛，自設0輛" , "發照日期" : "年月日" , "實際開工日期" : "年月日" , "竣工日期" : "年月日" , "qtime" : "" , "樓層概要" : [ ] , "地號" : [ ] , "門牌" : [ ] , "縣市別" : "桃園市"} , { "_id" : { "$oid" : "606f5e0cffa847b759c89710"} , "執照類別" : "使用執照" , "核發執照字號" : "(73)桃縣建管使字第工00355號" , "原領執照字號" : "" , "變更設計次數" : "00" , "基地面積" : "0㎡" , "建築面積" : "0㎡" , "總樓地板面積" : "0㎡" , "建築物高度" : "0ｍ" , "地下避難面積" : "0㎡" , "法定空地面積" : "0㎡" , "建造類別" : "" , "構造別" : "" , "地上層數" : "0層" , "地下層數" : "0層" , "棟數" : "0棟" , "戶數" : "0戶" , "起造人代表人" : "" , "設計人" : "" , "監造人" : "" , "承造人" : "" , "雜項工作物" : "" , "停車空間" : "法定0輛，獎勵0輛，自設0輛" , "發照日期" : "年月日" , "實際開工日期" : "年月日" , "竣工日期" : "年月日" , "qtime" : "" , "樓層概要" : [ ] , "地號" : [ ] , "門牌" : [ ] , "縣市別" : "桃園市"} , { "_id" : { "$oid" : "606f5e0cffa847b759c89711"} , "執照類別" : "使用執照" , "核發執照字號" : "(73)桃縣建管使字第工00356號" , "原領執照字號" : "" , "變更設計次數" : "00" , "基地面積" : "0㎡" , "建築面積" : "0㎡" , "總樓地板面積" : "0㎡" , "建築物高度" : "0ｍ" , "地下避難面積" : "0㎡" , "法定空地面積" : "0㎡" , "建造類別" : "" , "構造別" : "" , "地上層數" : "0層" , "地下層數" : "0層" , "棟數" : "0棟" , "戶數" : "0戶" , "起造人代表人" : "" , "設計人" : "" , "監造人" : "" , "承造人" : "" , "雜項工作物" : "" , "停車空間" : "法定0輛，獎勵0輛，自設0輛" , "發照日期" : "年月日" , "實際開工日期" : "年月日" , "竣工日期" : "年月日" , "qtime" : "" , "樓層概要" : [ ] , "地號" : [ ] , "門牌" : [ ] , "縣市別" : "桃園市"} , { "_id" : { "$oid" : "606f5e0cffa847b759c89712"} , "執照類別" : "使用執照" , "核發執照字號" : "(73)桃縣建管使字第工00357號" , "原領執照字號" : "" , "變更設計次數" : "00" , "基地面積" : "0㎡" , "建築面積" : "0㎡" , "總樓地板面積" : "0㎡" , "建築物高度" : "0ｍ" , "地下避難面積" : "0㎡" , "法定空地面積" : "0㎡" , "建造類別" : "" , "構造別" : "" , "地上層數" : "0層" , "地下層數" : "0層" , "棟數" : "0棟" , "戶數" : "0戶" , "起造人代表人" : "" , "設計人" : "" , "監造人" : "" , "承造人" : "" , "雜項工作物" : "" , "停車空間" : "法定0輛，獎勵0輛，自設0輛" , "發照日期" : "年月日" , "實際開工日期" : "年月日" , "竣工日期" : "年月日" , "qtime" : "" , "樓層概要" : [ ] , "地號" : [ ] , "門牌" : [ ] , "縣市別" : "桃園市"} , { "_id" : { "$oid" : "606f5e0cffa847b759c89713"} , "執照類別" : "使用執照" , "核發執照字號" : "(73)桃縣建管使字第工00358號" , "原領執照字號" : "" , "變更設計次數" : "00" , "基地面積" : "0㎡" , "建築面積" : "0㎡" , "總樓地板面積" : "0㎡" , "建築物高度" : "0ｍ" , "地下避難面積" : "0㎡" , "法定空地面積" : "0㎡" , "建造類別" : "" , "構造別" : "" , "地上層數" : "0層" , "地下層數" : "0層" , "棟數" : "0棟" , "戶數" : "0戶" , "起造人代表人" : "" , "設計人" : "" , "監造人" : "" , "承造人" : "" , "雜項工作物" : "" , "停車空間" : "法定0輛，獎勵0輛，自設0輛" , "發照日期" : "年月日" , "實際開工日期" : "年月日" , "竣工日期" : "年月日" , "qtime" : "" , "樓層概要" : [ ] , "地號" : [ ] , "門牌" : [ ] , "縣市別" : "桃園市"} , { "_id" : { "$oid" : "606f5e0cffa847b759c89714"} , "執照類別" : "使用執照" , "核發執照字號" : "(73)桃縣建管使字第工00359號" , "原領執照字號" : "" , "變更設計次數" : "00" , "基地面積" : "0㎡" , "建築面積" : "0㎡" , "總樓地板面積" : "0㎡" , "建築物高度" : "0ｍ" , "地下避難面積" : "0㎡" , "法定空地面積" : "0㎡" , "建造類別" : "" , "構造別" : "" , "地上層數" : "0層" , "地下層數" : "0層" , "棟數" : "0棟" , "戶數" : "0戶" , "起造人代表人" : "" , "設計人" : "" , "監造人" : "" , "承造人" : "" , "雜項工作物" : "" , "停車空間" : "法定0輛，獎勵0輛，自設0輛" , "發照日期" : "年月日" , "實際開工日期" : "年月日" , "竣工日期" : "年月日" , "qtime" : "" , "樓層概要" : [ ] , "地號" : [ ] , "門牌" : [ ] , "縣市別" : "桃園市"} , { "_id" : { "$oid" : "606f5e0cffa847b759c89715"} , "執照類別" : "使用執照" , "核發執照字號" : "(73)桃縣建管使字第工00360號" , "原領執照字號" : "" , "變更設計次數" : "00" , "基地面積" : "0㎡" , "建築面積" : "0㎡" , "總樓地板面積" : "0㎡" , "建築物高度" : "0ｍ" , "地下避難面積" : "0㎡" , "法定空地面積" : "0㎡" , "建造類別" : "" , "構造別" : "" , "地上層數" : "0層" , "地下層數" : "0層" , "棟數" : "0棟" , "戶數" : "0戶" , "起造人代表人" : "" , "設計人" : "" , "監造人" : "" , "承造人" : "" , "雜項工作物" : "" , "停車空間" : "法定0輛，獎勵0輛，自設0輛" , "發照日期" : "年月日" , "實際開工日期" : "年月日" , "竣工日期" : "年月日" , "qtime" : "" , "樓層概要" : [ ] , "地號" : [ ] , "門牌" : [ ] , "縣市別" : "桃園市"} , { "_id" : { "$oid" : "606f5e0cffa847b759c89716"} , "執照類別" : "使用執照" , "核發執照字號" : "(73)桃縣建管使字第工00361號" , "原領執照字號" : "" , "變更設計次數" : "00" , "基地面積" : "0㎡" , "建築面積" : "0㎡" , "總樓地板面積" : "0㎡" , "建築物高度" : "0ｍ" , "地下避難面積" : "0㎡" , "法定空地面積" : "0㎡" , "建造類別" : "" , "構造別" : "" , "地上層數" : "0層" , "地下層數" : "0層" , "棟數" : "0棟" , "戶數" : "0戶" , "起造人代表人" : "" , "設計人" : "" , "監造人" : "" , "承造人" : "" , "雜項工作物" : "" , "停車空間" : "法定0輛，獎勵0輛，自設0輛" , "發照日期" : "年月日" , "實際開工日期" : "年月日" , "竣工日期" : "年月日" , "qtime" : "" , "樓層概要" : [ ] , "地號" : [ ] , "門牌" : [ ] , "縣市別" : "桃園市"} , { "_id" : { "$oid" : "606f5e0cffa847b759c89717"} , "執照類別" : "使用執照" , "核發執照字號" : "(73)桃縣建管使字第工00362號" , "原領執照字號" : "" , "變更設計次數" : "00" , "基地面積" : "0㎡" , "建築面積" : "0㎡" , "總樓地板面積" : "0㎡" , "建築物高度" : "0ｍ" , "地下避難面積" : "0㎡" , "法定空地面積" : "0㎡" , "建造類別" : "" , "構造別" : "" , "地上層數" : "0層" , "地下層數" : "0層" , "棟數" : "0棟" , "戶數" : "0戶" , "起造人代表人" : "" , "設計人" : "" , "監造人" : "" , "承造人" : "" , "雜項工作物" : "" , "停車空間" : "法定0輛，獎勵0輛，自設0輛" , "發照日期" : "年月日" , "實際開工日期" : "年月日" , "竣工日期" : "年月日" , "qtime" : "" , "樓層概要" : [ ] , "地號" : [ ] , "門牌" : [ ] , "縣市別" : "桃園市"} , { "_id" : { "$oid" : "606f5e0cffa847b759c89718"} , "執照類別" : "使用執照" , "核發執照字號" : "(73)桃縣建管使字第工00363號" , "原領執照字號" : "" , "變更設計次數" : "00" , "基地面積" : "0㎡" , "建築面積" : "0㎡" , "總樓地板面積" : "0㎡" , "建築物高度" : "0ｍ" , "地下避難面積" : "0㎡" , "法定空地面積" : "0㎡" , "建造類別" : "" , "構造別" : "" , "地上層數" : "0層" , "地下層數" : "0層" , "棟數" : "0棟" , "戶數" : "0戶" , "起造人代表人" : "" , "設計人" : "" , "監造人" : "" , "承造人" : "" , "雜項工作物" : "" , "停車空間" : "法定0輛，獎勵0輛，自設0輛" , "發照日期" : "年月日" , "實際開工日期" : "年月日" , "竣工日期" : "年月日" , "qtime" : "" , "樓層概要" : [ ] , "地號" : [ ] , "門牌" : [ ] , "縣市別" : "桃園市"} , { "_id" : { "$oid" : "606f5e0cffa847b759c89719"} , "執照類別" : "使用執照" , "核發執照字號" : "(73)桃縣建管使字第工00364號" , "原領執照字號" : "" , "變更設計次數" : "00" , "基地面積" : "0㎡" , "建築面積" : "0㎡" , "總樓地板面積" : "0㎡" , "建築物高度" : "0ｍ" , "地下避難面積" : "0㎡" , "法定空地面積" : "0㎡" , "建造類別" : "" , "構造別" : "" , "地上層數" : "0層" , "地下層數" : "0層" , "棟數" : "0棟" , "戶數" : "0戶" , "起造人代表人" : "" , "設計人" : "" , "監造人" : "" , "承造人" : "" , "雜項工作物" : "" , "停車空間" : "法定0輛，獎勵0輛，自設0輛" , "發照日期" : "年月日" , "實際開工日期" : "年月日" , "竣工日期" : "年月日" , "qtime" : "" , "樓層概要" : [ ] , "地號" : [ ] , "門牌" : [ ] , "縣市別" : "桃園市"} , { "_id" : { "$oid" : "606f5e0cffa847b759c8971a"} , "執照類別" : "使用執照" , "核發執照字號" : "(73)桃縣建管使字第工00366號" , "原領執照字號" : "" , "變更設計次數" : "00" , "基地面積" : "0㎡" , "建築面積" : "0㎡" , "總樓地板面積" : "0㎡" , "建築物高度" : "0ｍ" , "地下避難面積" : "0㎡" , "法定空地面積" : "0㎡" , "建造類別" : "" , "構造別" : "" , "地上層數" : "0層" , "地下層數" : "0層" , "棟數" : "0棟" , "戶數" : "0戶" , "起造人代表人" : "" , "設計人" : "" , "監造人" : "" , "承造人" : "" , "雜項工作物" : "" , "停車空間" : "法定0輛，獎勵0輛，自設0輛" , "發照日期" : "103年02月21日" , "實際開工日期" : "年月日" , "竣工日期" : "年月日" , "qtime" : "10302" , "樓層概要" : [ { "樓層別" : "地上002層" , "樓層高度" : "0ｍ" , "樓層面積" : "151.41㎡" , "樓層用途" : "C2員工宿舍"}] , "地號" : [ ] , "門牌" : [ ] , "縣市別" : "桃園市"} , { "_id" : { "$oid" : "606f5e0cffa847b759c8971b"} , "執照類別" : "使用執照" , "核發執照字號" : "(73)桃縣建管使字第工00367號" , "原領執照字號" : "" , "變更設計次數" : "00" , "基地面積" : "0㎡" , "建築面積" : "0㎡" , "總樓地板面積" : "0㎡" , "建築物高度" : "0ｍ" , "地下避難面積" : "0㎡" , "法定空地面積" : "0㎡" , "建造類別" : "" , "構造別" : "" , "地上層數" : "0層" , "地下層數" : "0層" , "棟數" : "0棟" , "戶數" : "0戶" , "起造人代表人" : "" , "設計人" : "" , "監造人" : "" , "承造人" : "" , "雜項工作物" : "" , "停車空間" : "法定0輛，獎勵0輛，自設0輛" , "發照日期" : "年月日" , "實際開工日期" : "年月日" , "竣工日期" : "年月日" , "qtime" : "" , "樓層概要" : [ ] , "地號" : [ ] , "門牌" : [ ] , "縣市別" : "桃園市"} , { "_id" : { "$oid" : "606f5e0cffa847b759c8971c"} , "執照類別" : "使用執照" , "核發執照字號" : "(73)桃縣建管使字第工00368號" , "原領執照字號" : "" , "變更設計次數" : "00" , "基地面積" : "0㎡" , "建築面積" : "0㎡" , "總樓地板面積" : "0㎡" , "建築物高度" : "0ｍ" , "地下避難面積" : "0㎡" , "法定空地面積" : "0㎡" , "建造類別" : "" , "構造別" : "" , "地上層數" : "0層" , "地下層數" : "0層" , "棟數" : "0棟" , "戶數" : "0戶" , "起造人代表人" : "" , "設計人" : "" , "監造人" : "" , "承造人" : "" , "雜項工作物" : "" , "停車空間" : "法定0輛，獎勵0輛，自設0輛" , "發照日期" : "年月日" , "實際開工日期" : "年月日" , "竣工日期" : "年月日" , "qtime" : "" , "樓層概要" : [ ] , "地號" : [ ] , "門牌" : [ ] , "縣市別" : "桃園市"} , { "_id" : { "$oid" : "606f5e0cffa847b759c8971d"} , "執照類別" : "使用執照" , "核發執照字號" : "(73)桃縣建管使字第工00370號" , "原領執照字號" : "" , "變更設計次數" : "00" , "基地面積" : "0㎡" , "建築面積" : "0㎡" , "總樓地板面積" : "0㎡" , "建築物高度" : "0ｍ" , "地下避難面積" : "0㎡" , "法定空地面積" : "0㎡" , "建造類別" : "" , "構造別" : "" , "地上層數" : "0層" , "地下層數" : "0層" , "棟數" : "0棟" , "戶數" : "0戶" , "起造人代表人" : "" , "設計人" : "" , "監造人" : "" , "承造人" : "" , "雜項工作物" : "" , "停車空間" : "法定0輛，獎勵0輛，自設0輛" , "發照日期" : "年月日" , "實際開工日期" : "年月日" , "竣工日期" : "年月日" , "qtime" : "" , "樓層概要" : [ ] , "地號" : [ ] , "門牌" : [ ] , "縣市別" : "桃園市"} , { "_id" : { "$oid" : "606f5e0cffa847b759c8971e"} , "執照類別" : "使用執照" , "核發執照字號" : "(73)桃縣建管使字第工00371號" , "原領執照字號" : "" , "變更設計次數" : "00" , "基地面積" : "0㎡" , "建築面積" : "0㎡" , "總樓地板面積" : "0㎡" , "建築物高度" : "0ｍ" , "地下避難面積" : "0㎡" , "法定空地面積" : "0㎡" , "建造類別" : "" , "構造別" : "" , "地上層數" : "0層" , "地下層數" : "0層" , "棟數" : "0棟" , "戶數" : "0戶" , "起造人代表人" : "" , "設計人" : "" , "監造人" : "" , "承造人" : "" , "雜項工作物" : "" , "停車空間" : "法定0輛，獎勵0輛，自設0輛" , "發照日期" : "年月日" , "實際開工日期" : "年月日" , "竣工日期" : "年月日" , "qtime" : "" , "樓層概要" : [ ] , "地號" : [ ] , "門牌" : [ ] , "縣市別" : "桃園市"} , { "_id" : { "$oid" : "606f5e0cffa847b759c8971f"} , "執照類別" : "使用執照" , "核發執照字號" : "(73)桃縣建管使字第工00372號" , "原領執照字號" : "" , "變更設計次數" : "00" , "基地面積" : "0㎡" , "建築面積" : "0㎡" , "總樓地板面積" : "0㎡" , "建築物高度" : "0ｍ" , "地下避難面積" : "0㎡" , "法定空地面積" : "0㎡" , "建造類別" : "" , "構造別" : "" , "地上層數" : "0層" , "地下層數" : "0層" , "棟數" : "0棟" , "戶數" : "0戶" , "起造人代表人" : "" , "設計人" : "" , "監造人" : "" , "承造人" : "" , "雜項工作物" : "" , "停車空間" : "法定0輛，獎勵0輛，自設0輛" , "發照日期" : "年月日" , "實際開工日期" : "年月日" , "竣工日期" : "年月日" , "qtime" : "" , "樓層概要" : [ ] , "地號" : [ ] , "門牌" : [ ] , "縣市別" : "桃園市"} , { "_id" : { "$oid" : "606f5e0cffa847b759c89720"} , "執照類別" : "使用執照" , "核發執照字號" : "(73)桃縣建管使字第工00377號" , "原領執照字號" : "" , "變更設計次數" : "00" , "基地面積" : "0㎡" , "建築面積" : "0㎡" , "總樓地板面積" : "0㎡" , "建築物高度" : "0ｍ" , "地下避難面積" : "0㎡" , "法定空地面積" : "0㎡" , "建造類別" : "" , "構造別" : "" , "地上層數" : "0層" , "地下層數" : "0層" , "棟數" : "0棟" , "戶數" : "0戶" , "起造人代表人" : "" , "設計人" : "" , "監造人" : "" , "承造人" : "" , "雜項工作物" : "" , "停車空間" : "法定0輛，獎勵0輛，自設0輛" , "發照日期" : "年月日" , "實際開工日期" : "年月日" , "竣工日期" : "年月日" , "qtime" : "" , "樓層概要" : [ ] , "地號" : [ ] , "門牌" : [ ] , "縣市別" : "桃園市"} , { "_id" : { "$oid" : "606f5e0cffa847b759c89721"} , "執照類別" : "使用執照" , "核發執照字號" : "(73)桃縣建管使字第工00378號" , "原領執照字號" : "" , "變更設計次數" : "00" , "基地面積" : "0㎡" , "建築面積" : "0㎡" , "總樓地板面積" : "0㎡" , "建築物高度" : "0ｍ" , "地下避難面積" : "0㎡" , "法定空地面積" : "0㎡" , "建造類別" : "" , "構造別" : "" , "地上層數" : "0層" , "地下層數" : "0層" , "棟數" : "0棟" , "戶數" : "0戶" , "起造人代表人" : "" , "設計人" : "" , "監造人" : "" , "承造人" : "" , "雜項工作物" : "" , "停車空間" : "法定0輛，獎勵0輛，自設0輛" , "發照日期" : "年月日" , "實際開工日期" : "年月日" , "竣工日期" : "年月日" , "qtime" : "" , "樓層概要" : [ ] , "地號" : [ ] , "門牌" : [ ] , "縣市別" : "桃園市"} , { "_id" : { "$oid" : "606f5e0cffa847b759c89722"} , "執照類別" : "使用執照" , "核發執照字號" : "(73)桃縣建管使字第工00379號" , "原領執照字號" : "" , "變更設計次數" : "00" , "基地面積" : "0㎡" , "建築面積" : "0㎡" , "總樓地板面積" : "0㎡" , "建築物高度" : "0ｍ" , "地下避難面積" : "0㎡" , "法定空地面積" : "0㎡" , "建造類別" : "" , "構造別" : "" , "地上層數" : "0層" , "地下層數" : "0層" , "棟數" : "0棟" , "戶數" : "0戶" , "起造人代表人" : "" , "設計人" : "" , "監造人" : "" , "承造人" : "" , "雜項工作物" : "" , "停車空間" : "法定0輛，獎勵0輛，自設0輛" , "發照日期" : "年月日" , "實際開工日期" : "年月日" , "竣工日期" : "年月日" , "qtime" : "" , "樓層概要" : [ ] , "地號" : [ ] , "門牌" : [ ] , "縣市別" : "桃園市"} , { "_id" : { "$oid" : "606f5e0cffa847b759c89723"} , "執照類別" : "使用執照" , "核發執照字號" : "(73)桃縣建管使字第工00384號" , "原領執照字號" : "" , "變更設計次數" : "00" , "基地面積" : "0㎡" , "建築面積" : "0㎡" , "總樓地板面積" : "0㎡" , "建築物高度" : "0ｍ" , "地下避難面積" : "0㎡" , "法定空地面積" : "0㎡" , "建造類別" : "" , "構造別" : "" , "地上層數" : "0層" , "地下層數" : "0層" , "棟數" : "0棟" , "戶數" : "0戶" , "起造人代表人" : "" , "設計人" : "" , "監造人" : "" , "承造人" : "" , "雜項工作物" : "" , "停車空間" : "法定0輛，獎勵0輛，自設0輛" , "發照日期" : "年月日" , "實際開工日期" : "年月日" , "竣工日期" : "年月日" , "qtime" : "" , "樓層概要" : [ ] , "地號" : [ ] , "門牌" : [ ] , "縣市別" : "桃園市"} , { "_id" : { "$oid" : "606f5e0cffa847b759c89724"} , "執照類別" : "使用執照" , "核發執照字號" : "(73)桃縣建管使字第工00385號" , "原領執照字號" : "" , "變更設計次數" : "00" , "基地面積" : "0㎡" , "建築面積" : "0㎡" , "總樓地板面積" : "0㎡" , "建築物高度" : "0ｍ" , "地下避難面積" : "0㎡" , "法定空地面積" : "0㎡" , "建造類別" : "" , "構造別" : "" , "地上層數" : "0層" , "地下層數" : "0層" , "棟數" : "0棟" , "戶數" : "0戶" , "起造人代表人" : "" , "設計人" : "" , "監造人" : "" , "承造人" : "" , "雜項工作物" : "" , "停車空間" : "法定0輛，獎勵0輛，自設0輛" , "發照日期" : "年月日" , "實際開工日期" : "年月日" , "竣工日期" : "年月日" , "qtime" : "" , "樓層概要" : [ ] , "地號" : [ ] , "門牌" : [ ] , "縣市別" : "桃園市"} , { "_id" : { "$oid" : "606f5e0cffa847b759c89725"} , "執照類別" : "使用執照" , "核發執照字號" : "(73)桃縣建管使字第工00386號" , "原領執照字號" : "" , "變更設計次數" : "00" , "基地面積" : "0㎡" , "建築面積" : "0㎡" , "總樓地板面積" : "0㎡" , "建築物高度" : "0ｍ" , "地下避難面積" : "0㎡" , "法定空地面積" : "0㎡" , "建造類別" : "" , "構造別" : "" , "地上層數" : "0層" , "地下層數" : "0層" , "棟數" : "0棟" , "戶數" : "0戶" , "起造人代表人" : "" , "設計人" : "" , "監造人" : "" , "承造人" : "" , "雜項工作物" : "" , "停車空間" : "法定0輛，獎勵0輛，自設0輛" , "發照日期" : "年月日" , "實際開工日期" : "年月日" , "竣工日期" : "年月日" , "qtime" : "" , "樓層概要" : [ ] , "地號" : [ ] , "門牌" : [ ] , "縣市別" : "桃園市"} , { "_id" : { "$oid" : "606f5e0cffa847b759c89726"} , "執照類別" : "使用執照" , "核發執照字號" : "(73)桃縣建管使字第工00387號" , "原領執照字號" : "" , "變更設計次數" : "00" , "基地面積" : "0㎡" , "建築面積" : "0㎡" , "總樓地板面積" : "0㎡" , "建築物高度" : "0ｍ" , "地下避難面積" : "0㎡" , "法定空地面積" : "0㎡" , "建造類別" : "" , "構造別" : "" , "地上層數" : "0層" , "地下層數" : "0層" , "棟數" : "0棟" , "戶數" : "0戶" , "起造人代表人" : "" , "設計人" : "" , "監造人" : "" , "承造人" : "" , "雜項工作物" : "" , "停車空間" : "法定0輛，獎勵0輛，自設0輛" , "發照日期" : "年月日" , "實際開工日期" : "年月日" , "竣工日期" : "年月日" , "qtime" : "" , "樓層概要" : [ ] , "地號" : [ ] , "門牌" : [ ] , "縣市別" : "桃園市"} , { "_id" : { "$oid" : "606f5e0cffa847b759c89727"} , "執照類別" : "使用執照" , "核發執照字號" : "(73)桃縣建管使字第工00388號" , "原領執照字號" : "" , "變更設計次數" : "00" , "基地面積" : "0㎡" , "建築面積" : "0㎡" , "總樓地板面積" : "0㎡" , "建築物高度" : "0ｍ" , "地下避難面積" : "0㎡" , "法定空地面積" : "0㎡" , "建造類別" : "" , "構造別" : "" , "地上層數" : "0層" , "地下層數" : "0層" , "棟數" : "0棟" , "戶數" : "0戶" , "起造人代表人" : "" , "設計人" : "" , "監造人" : "" , "承造人" : "" , "雜項工作物" : "" , "停車空間" : "法定0輛，獎勵0輛，自設0輛" , "發照日期" : "年月日" , "實際開工日期" : "年月日" , "竣工日期" : "年月日" , "qtime" : "" , "樓層概要" : [ ] , "地號" : [ ] , "門牌" : [ ] , "縣市別" : "桃園市"} , { "_id" : { "$oid" : "606f5e0cffa847b759c89728"} , "執照類別" : "使用執照" , "核發執照字號" : "(73)桃縣建管使字第工00389號" , "原領執照字號" : "" , "變更設計次數" : "00" , "基地面積" : "0㎡" , "建築面積" : "0㎡" , "總樓地板面積" : "0㎡" , "建築物高度" : "0ｍ" , "地下避難面積" : "0㎡" , "法定空地面積" : "0㎡" , "建造類別" : "" , "構造別" : "" , "地上層數" : "0層" , "地下層數" : "0層" , "棟數" : "0棟" , "戶數" : "0戶" , "起造人代表人" : "" , "設計人" : "" , "監造人" : "" , "承造人" : "" , "雜項工作物" : "" , "停車空間" : "法定0輛，獎勵0輛，自設0輛" , "發照日期" : "年月日" , "實際開工日期" : "年月日" , "竣工日期" : "年月日" , "qtime" : "" , "樓層概要" : [ ] , "地號" : [ ] , "門牌" : [ ] , "縣市別" : "桃園市"} , { "_id" : { "$oid" : "606f5e0cffa847b759c89729"} , "執照類別" : "使用執照" , "核發執照字號" : "(73)桃縣建管使字第工00390號" , "原領執照字號" : "" , "變更設計次數" : "00" , "基地面積" : "0㎡" , "建築面積" : "0㎡" , "總樓地板面積" : "0㎡" , "建築物高度" : "0ｍ" , "地下避難面積" : "0㎡" , "法定空地面積" : "0㎡" , "建造類別" : "" , "構造別" : "" , "地上層數" : "0層" , "地下層數" : "0層" , "棟數" : "0棟" , "戶數" : "0戶" , "起造人代表人" : "" , "設計人" : "" , "監造人" : "" , "承造人" : "" , "雜項工作物" : "" , "停車空間" : "法定0輛，獎勵0輛，自設0輛" , "發照日期" : "年月日" , "實際開工日期" : "年月日" , "竣工日期" : "年月日" , "qtime" : "" , "樓層概要" : [ ] , "地號" : [ ] , "門牌" : [ ] , "縣市別" : "桃園市"} , { "_id" : { "$oid" : "606f5e0cffa847b759c8972a"} , "執照類別" : "使用執照" , "核發執照字號" : "(73)桃縣建管使字第工00392號" , "原領執照字號" : "" , "變更設計次數" : "00" , "基地面積" : "0㎡" , "建築面積" : "0㎡" , "總樓地板面積" : "0㎡" , "建築物高度" : "0ｍ" , "地下避難面積" : "0㎡" , "法定空地面積" : "0㎡" , "建造類別" : "" , "構造別" : "" , "地上層數" : "0層" , "地下層數" : "0層" , "棟數" : "0棟" , "戶數" : "0戶" , "起造人代表人" : "" , "設計人" : "" , "監造人" : "" , "承造人" : "" , "雜項工作物" : "" , "停車空間" : "法定0輛，獎勵0輛，自設0輛" , "發照日期" : "年月日" , "實際開工日期" : "年月日" , "竣工日期" : "年月日" , "qtime" : "" , "樓層概要" : [ ] , "地號" : [ ] , "門牌" : [ ] , "縣市別" : "桃園市"} , { "_id" : { "$oid" : "606f5e0cffa847b759c8972b"} , "執照類別" : "使用執照" , "核發執照字號" : "(73)桃縣建管使字第工00393號" , "原領執照字號" : "" , "變更設計次數" : "00" , "基地面積" : "0㎡" , "建築面積" : "0㎡" , "總樓地板面積" : "0㎡" , "建築物高度" : "0ｍ" , "地下避難面積" : "0㎡" , "法定空地面積" : "0㎡" , "建造類別" : "" , "構造別" : "" , "地上層數" : "0層" , "地下層數" : "0層" , "棟數" : "0棟" , "戶數" : "0戶" , "起造人代表人" : "" , "設計人" : "" , "監造人" : "" , "承造人" : "" , "雜項工作物" : "" , "停車空間" : "法定0輛，獎勵0輛，自設0輛" , "發照日期" : "年月日" , "實際開工日期" : "年月日" , "竣工日期" : "年月日" , "qtime" : "" , "樓層概要" : [ ] , "地號" : [ ] , "門牌" : [ ] , "縣市別" : "桃園市"} , { "_id" : { "$oid" : "606f5e0cffa847b759c8972c"} , "執照類別" : "使用執照" , "核發執照字號" : "(73)桃縣建管使字第工00394號" , "原領執照字號" : "" , "變更設計次數" : "00" , "基地面積" : "0㎡" , "建築面積" : "0㎡" , "總樓地板面積" : "0㎡" , "建築物高度" : "0ｍ" , "地下避難面積" : "0㎡" , "法定空地面積" : "0㎡" , "建造類別" : "" , "構造別" : "" , "地上層數" : "0層" , "地下層數" : "0層" , "棟數" : "0棟" , "戶數" : "0戶" , "起造人代表人" : "" , "設計人" : "" , "監造人" : "" , "承造人" : "" , "雜項工作物" : "" , "停車空間" : "法定0輛，獎勵0輛，自設0輛" , "發照日期" : "年月日" , "實際開工日期" : "年月日" , "竣工日期" : "年月日" , "qtime" : "" , "樓層概要" : [ ] , "地號" : [ ] , "門牌" : [ ] , "縣市別" : "桃園市"} , { "_id" : { "$oid" : "606f5e0cffa847b759c8972d"} , "執照類別" : "使用執照" , "核發執照字號" : "(73)桃縣建管使字第工00395號" , "原領執照字號" : "" , "變更設計次數" : "00" , "基地面積" : "0㎡" , "建築面積" : "0㎡" , "總樓地板面積" : "0㎡" , "建築物高度" : "0ｍ" , "地下避難面積" : "0㎡" , "法定空地面積" : "0㎡" , "建造類別" : "" , "構造別" : "" , "地上層數" : "0層" , "地下層數" : "0層" , "棟數" : "0棟" , "戶數" : "0戶" , "起造人代表人" : "" , "設計人" : "" , "監造人" : "" , "承造人" : "" , "雜項工作物" : "" , "停車空間" : "法定0輛，獎勵0輛，自設0輛" , "發照日期" : "年月日" , "實際開工日期" : "年月日" , "竣工日期" : "年月日" , "qtime" : "" , "樓層概要" : [ ] , "地號" : [ ] , "門牌" : [ ] , "縣市別" : "桃園市"} , { "_id" : { "$oid" : "606f5e0cffa847b759c8972e"} , "執照類別" : "使用執照" , "核發執照字號" : "(73)桃縣建管使字第工00396號" , "原領執照字號" : "" , "變更設計次數" : "00" , "基地面積" : "0㎡" , "建築面積" : "0㎡" , "總樓地板面積" : "0㎡" , "建築物高度" : "0ｍ" , "地下避難面積" : "0㎡" , "法定空地面積" : "0㎡" , "建造類別" : "" , "構造別" : "" , "地上層數" : "0層" , "地下層數" : "0層" , "棟數" : "0棟" , "戶數" : "0戶" , "起造人代表人" : "" , "設計人" : "" , "監造人" : "" , "承造人" : "" , "雜項工作物" : "" , "停車空間" : "法定0輛，獎勵0輛，自設0輛" , "發照日期" : "年月日" , "實際開工日期" : "年月日" , "竣工日期" : "年月日" , "qtime" : "" , "樓層概要" : [ ] , "地號" : [ ] , "門牌" : [ ] , "縣市別" : "桃園市"} , { "_id" : { "$oid" : "606f5e0cffa847b759c8972f"} , "執照類別" : "使用執照" , "核發執照字號" : "(73)桃縣建管使字第工00397號" , "原領執照字號" : "" , "變更設計次數" : "00" , "基地面積" : "0㎡" , "建築面積" : "0㎡" , "總樓地板面積" : "0㎡" , "建築物高度" : "0ｍ" , "地下避難面積" : "0㎡" , "法定空地面積" : "0㎡" , "建造類別" : "" , "構造別" : "" , "地上層數" : "0層" , "地下層數" : "0層" , "棟數" : "0棟" , "戶數" : "0戶" , "起造人代表人" : "" , "設計人" : "" , "監造人" : "" , "承造人" : "" , "雜項工作物" : "" , "停車空間" : "法定0輛，獎勵0輛，自設0輛" , "發照日期" : "年月日" , "實際開工日期" : "年月日" , "竣工日期" : "年月日" , "qtime" : "" , "樓層概要" : [ ] , "地號" : [ ] , "門牌" : [ ] , "縣市別" : "桃園市"} , { "_id" : { "$oid" : "606f5e0cffa847b759c89730"} , "執照類別" : "使用執照" , "核發執照字號" : "(73)桃縣建管使字第工00398號" , "原領執照字號" : "" , "變更設計次數" : "00" , "基地面積" : "0㎡" , "建築面積" : "0㎡" , "總樓地板面積" : "0㎡" , "建築物高度" : "0ｍ" , "地下避難面積" : "0㎡" , "法定空地面積" : "0㎡" , "建造類別" : "" , "構造別" : "" , "地上層數" : "0層" , "地下層數" : "0層" , "棟數" : "0棟" , "戶數" : "0戶" , "起造人代表人" : "" , "設計人" : "" , "監造人" : "" , "承造人" : "" , "雜項工作物" : "" , "停車空間" : "法定0輛，獎勵0輛，自設0輛" , "發照日期" : "年月日" , "實際開工日期" : "年月日" , "竣工日期" : "年月日" , "qtime" : "" , "樓層概要" : [ ] , "地號" : [ ] , "門牌" : [ ] , "縣市別" : "桃園市"} , { "_id" : { "$oid" : "606f5e0cffa847b759c89731"} , "執照類別" : "使用執照" , "核發執照字號" : "(73)桃縣建管使字第工00399號" , "原領執照字號" : "" , "變更設計次數" : "00" , "基地面積" : "0㎡" , "建築面積" : "0㎡" , "總樓地板面積" : "0㎡" , "建築物高度" : "0ｍ" , "地下避難面積" : "0㎡" , "法定空地面積" : "0㎡" , "建造類別" : "" , "構造別" : "" , "地上層數" : "0層" , "地下層數" : "0層" , "棟數" : "0棟" , "戶數" : "0戶" , "起造人代表人" : "" , "設計人" : "" , "監造人" : "" , "承造人" : "" , "雜項工作物" : "" , "停車空間" : "法定0輛，獎勵0輛，自設0輛" , "發照日期" : "年月日" , "實際開工日期" : "年月日" , "竣工日期" : "年月日" , "qtime" : "" , "樓層概要" : [ ] , "地號" : [ ] , "門牌" : [ ] , "縣市別" : "桃園市"} , { "_id" : { "$oid" : "606f5e0cffa847b759c89732"} , "執照類別" : "使用執照" , "核發執照字號" : "(73)桃縣建管使字第工00401號" , "原領執照字號" : "" , "變更設計次數" : "00" , "基地面積" : "0㎡" , "建築面積" : "0㎡" , "總樓地板面積" : "0㎡" , "建築物高度" : "0ｍ" , "地下避難面積" : "0㎡" , "法定空地面積" : "0㎡" , "建造類別" : "" , "構造別" : "" , "地上層數" : "0層" , "地下層數" : "0層" , "棟數" : "0棟" , "戶數" : "0戶" , "起造人代表人" : "" , "設計人" : "" , "監造人" : "" , "承造人" : "" , "雜項工作物" : "" , "停車空間" : "法定0輛，獎勵0輛，自設0輛" , "發照日期" : "年月日" , "實際開工日期" : "年月日" , "竣工日期" : "年月日" , "qtime" : "" , "樓層概要" : [ ] , "地號" : [ ] , "門牌" : [ ] , "縣市別" : "桃園市"} , { "_id" : { "$oid" : "606f5e0cffa847b759c89733"} , "執照類別" : "使用執照" , "核發執照字號" : "(73)桃縣建管使字第工00403號" , "原領執照字號" : "" , "變更設計次數" : "00" , "基地面積" : "0㎡" , "建築面積" : "0㎡" , "總樓地板面積" : "0㎡" , "建築物高度" : "0ｍ" , "地下避難面積" : "0㎡" , "法定空地面積" : "0㎡" , "建造類別" : "" , "構造別" : "" , "地上層數" : "0層" , "地下層數" : "0層" , "棟數" : "0棟" , "戶數" : "0戶" , "起造人代表人" : "" , "設計人" : "" , "監造人" : "" , "承造人" : "" , "雜項工作物" : "" , "停車空間" : "法定0輛，獎勵0輛，自設0輛" , "發照日期" : "年月日" , "實際開工日期" : "年月日" , "竣工日期" : "年月日" , "qtime" : "" , "樓層概要" : [ ] , "地號" : [ ] , "門牌" : [ ] , "縣市別" : "桃園市"} , { "_id" : { "$oid" : "606f5e0cffa847b759c89734"} , "執照類別" : "使用執照" , "核發執照字號" : "(73)桃縣建管使字第工00404號" , "原領執照字號" : "" , "變更設計次數" : "00" , "基地面積" : "0㎡" , "建築面積" : "0㎡" , "總樓地板面積" : "0㎡" , "建築物高度" : "0ｍ" , "地下避難面積" : "0㎡" , "法定空地面積" : "0㎡" , "建造類別" : "" , "構造別" : "" , "地上層數" : "0層" , "地下層數" : "0層" , "棟數" : "0棟" , "戶數" : "0戶" , "起造人代表人" : "" , "設計人" : "" , "監造人" : "" , "承造人" : "" , "雜項工作物" : "" , "停車空間" : "法定0輛，獎勵0輛，自設0輛" , "發照日期" : "年月日" , "實際開工日期" : "年月日" , "竣工日期" : "年月日" , "qtime" : "" , "樓層概要" : [ ] , "地號" : [ ] , "門牌" : [ ] , "縣市別" : "桃園市"} , { "_id" : { "$oid" : "606f5e0cffa847b759c89735"} , "執照類別" : "使用執照" , "核發執照字號" : "(73)桃縣建管使字第工00405號" , "原領執照字號" : "" , "變更設計次數" : "00" , "基地面積" : "0㎡" , "建築面積" : "0㎡" , "總樓地板面積" : "0㎡" , "建築物高度" : "0ｍ" , "地下避難面積" : "0㎡" , "法定空地面積" : "0㎡" , "建造類別" : "" , "構造別" : "" , "地上層數" : "0層" , "地下層數" : "0層" , "棟數" : "0棟" , "戶數" : "0戶" , "起造人代表人" : "" , "設計人" : "" , "監造人" : "" , "承造人" : "" , "雜項工作物" : "" , "停車空間" : "法定0輛，獎勵0輛，自設0輛" , "發照日期" : "年月日" , "實際開工日期" : "年月日" , "竣工日期" : "年月日" , "qtime" : "" , "樓層概要" : [ ] , "地號" : [ ] , "門牌" : [ ] , "縣市別" : "桃園市"} , { "_id" : { "$oid" : "606f5e0cffa847b759c89736"} , "執照類別" : "使用執照" , "核發執照字號" : "(73)桃縣建管使字第工00407號" , "原領執照字號" : "" , "變更設計次數" : "00" , "基地面積" : "0㎡" , "建築面積" : "0㎡" , "總樓地板面積" : "0㎡" , "建築物高度" : "0ｍ" , "地下避難面積" : "0㎡" , "法定空地面積" : "0㎡" , "建造類別" : "" , "構造別" : "" , "地上層數" : "0層" , "地下層數" : "0層" , "棟數" : "0棟" , "戶數" : "0戶" , "起造人代表人" : "" , "設計人" : "" , "監造人" : "" , "承造人" : "" , "雜項工作物" : "" , "停車空間" : "法定0輛，獎勵0輛，自設0輛" , "發照日期" : "年月日" , "實際開工日期" : "年月日" , "竣工日期" : "年月日" , "qtime" : "" , "樓層概要" : [ ] , "地號" : [ ] , "門牌" : [ ] , "縣市別" : "桃園市"}]} 